id,job_id,skill_name,skill_category
1,1,go,languages
2,1,r,languages
3,1,sql,languages
4,1,numpy,frameworks
5,1,mongodb,tools
6,1,excel,tools
7,1,ips,security_tools
8,1,teamwork,soft_skill
9,1,analytical,soft_skill
10,1,interpersonal,soft_skill
11,1,organization,soft_skill
12,2,python,languages
13,2,java,languages
14,2,go,languages
15,2,rust,languages
16,2,r,languages
17,2,sql,languages
18,2,git,tools
19,2,kafka,tools
20,2,spark,tools
21,2,hadoop,tools
22,2,tableau,tools
23,2,power bi,tools
24,2,excel,tools
25,2,communication,soft_skill
26,2,analytical,soft_skill
27,2,presentation,soft_skill
28,2,interpersonal,soft_skill
29,2,proactive,soft_skill
30,3,python,languages
31,3,java,languages
32,3,go,languages
33,3,r,languages
34,3,sql,languages
35,3,git,tools
36,3,kafka,tools
37,3,spark,tools
38,3,hadoop,tools
39,3,tableau,tools
40,3,power bi,tools
41,3,presentation,soft_skill
42,3,organization,soft_skill
43,4,python,languages
44,4,java,languages
45,4,go,languages
46,4,rust,languages
47,4,r,languages
48,4,sql,languages
49,4,git,tools
50,4,kafka,tools
51,4,spark,tools
52,4,hadoop,tools
53,4,tableau,tools
54,4,power bi,tools
55,4,excel,tools
56,4,communication,soft_skill
57,4,analytical,soft_skill
58,4,presentation,soft_skill
59,4,interpersonal,soft_skill
60,4,proactive,soft_skill
61,5,python,languages
62,5,java,languages
63,5,go,languages
64,5,r,languages
65,5,sql,languages
66,5,git,tools
67,5,kafka,tools
68,5,spark,tools
69,5,hadoop,tools
70,5,tableau,tools
71,5,power bi,tools
72,5,presentation,soft_skill
73,5,organization,soft_skill
74,6,python,languages
75,6,java,languages
76,6,go,languages
77,6,r,languages
78,6,sql,languages
79,6,git,tools
80,6,kafka,tools
81,6,spark,tools
82,6,hadoop,tools
83,6,tableau,tools
84,6,power bi,tools
85,6,presentation,soft_skill
86,6,organization,soft_skill
87,7,go,languages
88,7,r,languages
89,7,sql,languages
90,7,numpy,frameworks
91,7,mongodb,tools
92,7,excel,tools
93,7,ips,security_tools
94,7,teamwork,soft_skill
95,7,analytical,soft_skill
96,7,interpersonal,soft_skill
97,7,organization,soft_skill
98,8,go,languages
99,8,r,languages
100,8,sql,languages
101,8,numpy,frameworks
102,8,mongodb,tools
103,8,excel,tools
104,8,ips,security_tools
105,8,teamwork,soft_skill
106,8,analytical,soft_skill
107,8,interpersonal,soft_skill
108,8,organization,soft_skill
109,9,go,languages
110,9,r,languages
111,9,sql,languages
112,9,numpy,frameworks
113,9,mongodb,tools
114,9,excel,tools
115,9,ips,security_tools
116,9,teamwork,soft_skill
117,9,analytical,soft_skill
118,9,interpersonal,soft_skill
119,9,organization,soft_skill
120,10,go,languages
121,10,r,languages
122,10,sql,languages
123,10,numpy,frameworks
124,10,mongodb,tools
125,10,excel,tools
126,10,ips,security_tools
127,10,teamwork,soft_skill
128,10,analytical,soft_skill
129,10,interpersonal,soft_skill
130,10,organization,soft_skill
131,11,go,languages
132,11,r,languages
133,11,sql,languages
134,11,numpy,frameworks
135,11,mongodb,tools
136,11,excel,tools
137,11,ips,security_tools
138,11,teamwork,soft_skill
139,11,analytical,soft_skill
140,11,interpersonal,soft_skill
141,11,organization,soft_skill
142,12,go,languages
143,12,r,languages
144,12,sql,languages
145,12,numpy,frameworks
146,12,mongodb,tools
147,12,excel,tools
148,12,ips,security_tools
149,12,teamwork,soft_skill
150,12,analytical,soft_skill
151,12,interpersonal,soft_skill
152,12,organization,soft_skill
153,13,python,languages
154,13,go,languages
155,13,rust,languages
156,13,r,languages
157,13,excel,tools
158,13,communication,soft_skill
159,13,analytical,soft_skill
160,13,interpersonal,soft_skill
161,13,proactive,soft_skill
162,14,go,languages
163,14,r,languages
164,14,sql,languages
165,14,numpy,frameworks
166,14,mongodb,tools
167,14,excel,tools
168,14,ips,security_tools
169,14,teamwork,soft_skill
170,14,analytical,soft_skill
171,14,interpersonal,soft_skill
172,14,organization,soft_skill
173,15,python,languages
174,15,go,languages
175,15,rust,languages
176,15,r,languages
177,15,excel,tools
178,15,communication,soft_skill
179,15,analytical,soft_skill
180,15,interpersonal,soft_skill
181,15,proactive,soft_skill
182,16,go,languages
183,16,r,languages
184,16,ips,security_tools
185,16,communication,soft_skill
186,16,analytical,soft_skill
187,16,collaboration,soft_skill
188,16,organization,soft_skill
189,17,python,languages
190,17,go,languages
191,17,rust,languages
192,17,r,languages
193,17,excel,tools
194,17,communication,soft_skill
195,17,analytical,soft_skill
196,17,interpersonal,soft_skill
197,17,proactive,soft_skill
198,18,python,languages
199,18,go,languages
200,18,rust,languages
201,18,r,languages
202,18,excel,tools
203,18,communication,soft_skill
204,18,analytical,soft_skill
205,18,interpersonal,soft_skill
206,18,proactive,soft_skill
207,19,python,languages
208,19,go,languages
209,19,scala,languages
210,19,r,languages
211,19,tensorflow,frameworks
212,19,pytorch,frameworks
213,19,scikit-learn,frameworks
214,19,pandas,frameworks
215,19,numpy,frameworks
216,19,rails,frameworks
217,19,docker,tools
218,19,aws,tools
219,19,excel,tools
220,19,communication,soft_skill
221,19,interpersonal,soft_skill
222,19,organization,soft_skill
223,20,python,languages
224,20,go,languages
225,20,scala,languages
226,20,r,languages
227,20,tensorflow,frameworks
228,20,pytorch,frameworks
229,20,scikit-learn,frameworks
230,20,pandas,frameworks
231,20,numpy,frameworks
232,20,rails,frameworks
233,20,docker,tools
234,20,aws,tools
235,20,excel,tools
236,20,communication,soft_skill
237,20,interpersonal,soft_skill
238,20,organization,soft_skill
239,21,python,languages
240,21,go,languages
241,21,scala,languages
242,21,r,languages
243,21,tensorflow,frameworks
244,21,pytorch,frameworks
245,21,scikit-learn,frameworks
246,21,pandas,frameworks
247,21,numpy,frameworks
248,21,rails,frameworks
249,21,docker,tools
250,21,aws,tools
251,21,excel,tools
252,21,communication,soft_skill
253,21,interpersonal,soft_skill
254,21,organization,soft_skill
255,22,python,languages
256,22,java,languages
257,22,go,languages
258,22,r,languages
259,22,kafka,tools
260,22,spark,tools
261,22,hadoop,tools
262,23,r,languages
263,24,python,languages
264,24,go,languages
265,24,scala,languages
266,24,r,languages
267,24,sql,languages
268,24,numpy,frameworks
269,24,aws,tools
270,24,azure,tools
271,24,gcp,tools
272,24,mongodb,tools
273,24,spark,tools
274,24,hadoop,tools
275,24,ips,security_tools
276,24,communication,soft_skill
277,24,teamwork,soft_skill
278,24,analytical,soft_skill
279,24,time management,soft_skill
280,24,adaptability,soft_skill
281,24,creativity,soft_skill
282,24,attention to detail,soft_skill
283,24,interpersonal,soft_skill
284,24,organization,soft_skill
285,25,python,languages
286,25,go,languages
287,25,scala,languages
288,25,r,languages
289,25,sql,languages
290,25,pytorch,frameworks
291,25,aws,tools
292,25,git,tools
293,25,spark,tools
294,25,hadoop,tools
295,25,tableau,tools
296,25,excel,tools
297,25,communication,soft_skill
298,25,analytical,soft_skill
299,25,organization,soft_skill
300,26,python,languages
301,26,go,languages
302,26,scala,languages
303,26,r,languages
304,26,sql,languages
305,26,pytorch,frameworks
306,26,aws,tools
307,26,git,tools
308,26,spark,tools
309,26,hadoop,tools
310,26,tableau,tools
311,26,excel,tools
312,26,communication,soft_skill
313,26,analytical,soft_skill
314,26,organization,soft_skill
315,27,python,languages
316,27,go,languages
317,27,scala,languages
318,27,r,languages
319,27,sql,languages
320,27,tensorflow,frameworks
321,27,pytorch,frameworks
322,27,scikit-learn,frameworks
323,27,pandas,frameworks
324,27,numpy,frameworks
325,27,aws,tools
326,27,azure,tools
327,27,gcp,tools
328,27,git,tools
329,27,mongodb,tools
330,27,mysql,tools
331,27,communication,soft_skill
332,27,collaboration,soft_skill
333,28,python,languages
334,28,go,languages
335,28,scala,languages
336,28,r,languages
337,28,sql,languages
338,28,pytorch,frameworks
339,28,aws,tools
340,28,git,tools
341,28,spark,tools
342,28,hadoop,tools
343,28,tableau,tools
344,28,excel,tools
345,28,communication,soft_skill
346,28,analytical,soft_skill
347,28,organization,soft_skill
348,29,python,languages
349,29,go,languages
350,29,r,languages
351,29,sql,languages
352,29,excel,tools
353,29,analytical,soft_skill
354,29,presentation,soft_skill
355,30,go,languages
356,30,scala,languages
357,30,r,languages
358,30,sql,languages
359,30,git,tools
360,30,tableau,tools
361,30,power bi,tools
362,30,communication,soft_skill
363,30,leadership,soft_skill
364,30,analytical,soft_skill
365,30,critical thinking,soft_skill
366,30,attention to detail,soft_skill
367,31,go,languages
368,31,r,languages
369,31,sql,languages
370,31,power bi,tools
371,31,excel,tools
372,31,communication,soft_skill
373,31,leadership,soft_skill
374,31,analytical,soft_skill
375,31,collaboration,soft_skill
376,31,interpersonal,soft_skill
377,31,organization,soft_skill
378,31,proactive,soft_skill
379,32,python,languages
380,32,go,languages
381,32,scala,languages
382,32,r,languages
383,32,sql,languages
384,32,aws,tools
385,32,ips,security_tools
386,32,analytical,soft_skill
387,32,organization,soft_skill
388,32,proactive,soft_skill
389,33,python,languages
390,33,r,languages
391,33,sql,languages
392,33,git,tools
393,33,linux,tools
394,33,power bi,tools
395,33,excel,tools
396,34,python,languages
397,34,r,languages
398,34,sql,languages
399,34,git,tools
400,34,linux,tools
401,34,power bi,tools
402,34,excel,tools
403,35,go,languages
404,35,r,languages
405,35,git,tools
406,35,ips,security_tools
407,35,teamwork,soft_skill
408,35,analytical,soft_skill
409,35,attention to detail,soft_skill
410,35,collaboration,soft_skill
411,35,presentation,soft_skill
412,35,organization,soft_skill
413,36,python,languages
414,36,go,languages
415,36,r,languages
416,36,git,tools
417,36,power bi,tools
418,36,excel,tools
419,36,attention to detail,soft_skill
420,36,organization,soft_skill
421,37,r,languages
422,37,excel,tools
423,38,rust,languages
424,38,r,languages
425,39,go,languages
426,39,r,languages
427,39,communication,soft_skill
428,39,analytical,soft_skill
429,39,attention to detail,soft_skill
430,39,collaboration,soft_skill
431,40,rust,languages
432,40,r,languages
433,41,python,languages
434,41,go,languages
435,41,r,languages
436,41,sql,languages
437,41,tableau,tools
438,41,power bi,tools
439,41,excel,tools
440,41,communication,soft_skill
441,41,analytical,soft_skill
442,41,interpersonal,soft_skill
443,41,organization,soft_skill
444,42,python,languages
445,42,go,languages
446,42,swift,languages
447,42,scala,languages
448,42,r,languages
449,42,sql,languages
450,42,aws,tools
451,42,gcp,tools
452,42,tableau,tools
453,42,power bi,tools
454,42,communication,soft_skill
455,42,analytical,soft_skill
456,42,collaboration,soft_skill
457,42,organization,soft_skill
458,43,python,languages
459,43,go,languages
460,43,scala,languages
461,43,r,languages
462,43,aws,tools
463,43,git,tools
464,43,excel,tools
465,43,ips,security_tools
466,43,communication,soft_skill
467,43,organization,soft_skill
468,43,self-motivated,soft_skill
469,44,python,languages
470,44,go,languages
471,44,r,languages
472,44,sql,languages
473,44,tableau,tools
474,44,power bi,tools
475,44,excel,tools
476,44,ips,security_tools
477,44,communication,soft_skill
478,44,analytical,soft_skill
479,44,adaptability,soft_skill
480,44,attention to detail,soft_skill
481,44,collaboration,soft_skill
482,44,presentation,soft_skill
483,44,organization,soft_skill
484,45,python,languages
485,45,go,languages
486,45,r,languages
487,45,sql,languages
488,45,tableau,tools
489,45,power bi,tools
490,45,excel,tools
491,45,ips,security_tools
492,45,communication,soft_skill
493,45,analytical,soft_skill
494,45,adaptability,soft_skill
495,45,attention to detail,soft_skill
496,45,collaboration,soft_skill
497,45,presentation,soft_skill
498,45,organization,soft_skill
499,46,python,languages
500,46,go,languages
501,46,r,languages
502,46,sql,languages
503,46,tableau,tools
504,46,power bi,tools
505,46,excel,tools
506,46,ips,security_tools
507,46,communication,soft_skill
508,46,analytical,soft_skill
509,46,adaptability,soft_skill
510,46,attention to detail,soft_skill
511,46,collaboration,soft_skill
512,46,presentation,soft_skill
513,46,organization,soft_skill
514,47,python,languages
515,47,go,languages
516,47,r,languages
517,47,sql,languages
518,47,tableau,tools
519,47,power bi,tools
520,47,excel,tools
521,47,ips,security_tools
522,47,communication,soft_skill
523,47,analytical,soft_skill
524,47,adaptability,soft_skill
525,47,attention to detail,soft_skill
526,47,collaboration,soft_skill
527,47,presentation,soft_skill
528,47,organization,soft_skill
529,48,go,languages
530,48,r,languages
531,48,express,frameworks
532,48,tableau,tools
533,48,power bi,tools
534,48,excel,tools
535,48,communication,soft_skill
536,48,analytical,soft_skill
537,48,attention to detail,soft_skill
538,48,interpersonal,soft_skill
539,48,organization,soft_skill
540,48,proactive,soft_skill
541,49,go,languages
542,49,r,languages
543,49,leadership,soft_skill
544,49,organization,soft_skill
545,49,proactive,soft_skill
546,50,go,languages
547,50,r,languages
548,50,power bi,tools
549,50,excel,tools
550,52,python,languages
551,52,go,languages
552,52,r,languages
553,52,sql,languages
554,52,bash,languages
555,52,powershell,languages
556,52,excel,tools
557,52,splunk,security_tools
558,52,siem,security_tools
559,52,comptia,certifications
560,52,communication,soft_skill
561,52,analytical,soft_skill
562,52,attention to detail,soft_skill
563,52,presentation,soft_skill
564,52,interpersonal,soft_skill
565,52,organization,soft_skill
566,53,python,languages
567,53,go,languages
568,53,r,languages
569,53,sql,languages
570,53,bash,languages
571,53,powershell,languages
572,53,excel,tools
573,53,splunk,security_tools
574,53,siem,security_tools
575,53,comptia,certifications
576,53,communication,soft_skill
577,53,analytical,soft_skill
578,53,attention to detail,soft_skill
579,53,presentation,soft_skill
580,53,interpersonal,soft_skill
581,53,organization,soft_skill
582,54,go,languages
583,54,scala,languages
584,54,r,languages
585,54,sql,languages
586,54,express,frameworks
587,54,aws,tools
588,54,git,tools
589,54,excel,tools
590,54,ips,security_tools
591,54,scrum,certifications
592,54,communication,soft_skill
593,54,teamwork,soft_skill
594,54,analytical,soft_skill
595,54,collaboration,soft_skill
596,54,presentation,soft_skill
597,54,organization,soft_skill
598,55,python,languages
599,55,go,languages
600,55,r,languages
601,55,sql,languages
602,55,bash,languages
603,55,powershell,languages
604,55,excel,tools
605,55,splunk,security_tools
606,55,siem,security_tools
607,55,comptia,certifications
608,55,communication,soft_skill
609,55,analytical,soft_skill
610,55,attention to detail,soft_skill
611,55,presentation,soft_skill
612,55,interpersonal,soft_skill
613,55,organization,soft_skill
614,56,python,languages
615,56,r,languages
616,56,aws,tools
617,56,ids,security_tools
618,56,communication,soft_skill
619,56,analytical,soft_skill
620,56,collaboration,soft_skill
621,56,presentation,soft_skill
622,57,r,languages
623,58,r,languages
624,59,python,languages
625,59,go,languages
626,59,scala,languages
627,59,r,languages
628,59,sql,languages
629,59,tensorflow,frameworks
630,59,pytorch,frameworks
631,59,scikit-learn,frameworks
632,59,pandas,frameworks
633,59,numpy,frameworks
634,59,docker,tools
635,59,kubernetes,tools
636,59,aws,tools
637,59,azure,tools
638,59,gcp,tools
639,59,git,tools
640,59,jenkins,tools
641,59,terraform,tools
642,59,ansible,tools
643,59,postgresql,tools
644,59,mysql,tools
645,59,excel,tools
646,59,communication,soft_skill
647,59,teamwork,soft_skill
648,59,leadership,soft_skill
649,59,analytical,soft_skill
650,59,collaboration,soft_skill
651,60,go,languages
652,60,r,languages
653,60,excel,tools
654,60,collaboration,soft_skill
655,60,organization,soft_skill
656,61,python,languages
657,61,go,languages
658,61,scala,languages
659,61,r,languages
660,61,sql,languages
661,61,tensorflow,frameworks
662,61,pytorch,frameworks
663,61,scikit-learn,frameworks
664,61,pandas,frameworks
665,61,numpy,frameworks
666,61,docker,tools
667,61,kubernetes,tools
668,61,aws,tools
669,61,azure,tools
670,61,gcp,tools
671,61,git,tools
672,61,jenkins,tools
673,61,terraform,tools
674,61,ansible,tools
675,61,postgresql,tools
676,61,mysql,tools
677,61,excel,tools
678,61,communication,soft_skill
679,61,teamwork,soft_skill
680,61,leadership,soft_skill
681,61,analytical,soft_skill
682,61,collaboration,soft_skill
683,62,python,languages
684,62,go,languages
685,62,scala,languages
686,62,r,languages
687,62,sql,languages
688,62,tensorflow,frameworks
689,62,pytorch,frameworks
690,62,scikit-learn,frameworks
691,62,pandas,frameworks
692,62,numpy,frameworks
693,62,docker,tools
694,62,kubernetes,tools
695,62,aws,tools
696,62,azure,tools
697,62,gcp,tools
698,62,git,tools
699,62,jenkins,tools
700,62,terraform,tools
701,62,ansible,tools
702,62,postgresql,tools
703,62,mysql,tools
704,62,excel,tools
705,62,communication,soft_skill
706,62,teamwork,soft_skill
707,62,leadership,soft_skill
708,62,analytical,soft_skill
709,62,collaboration,soft_skill
710,63,python,languages
711,63,go,languages
712,63,r,languages
713,63,sql,languages
714,63,tableau,tools
715,63,power bi,tools
716,63,excel,tools
717,63,communication,soft_skill
718,63,analytical,soft_skill
719,63,attention to detail,soft_skill
720,63,collaboration,soft_skill
721,63,interpersonal,soft_skill
722,63,organization,soft_skill
723,64,go,languages
724,64,r,languages
725,64,communication,soft_skill
726,64,teamwork,soft_skill
727,64,problem solving,soft_skill
728,64,critical thinking,soft_skill
729,64,collaboration,soft_skill
730,65,go,languages
731,65,r,languages
732,65,communication,soft_skill
733,65,teamwork,soft_skill
734,65,problem solving,soft_skill
735,65,critical thinking,soft_skill
736,65,collaboration,soft_skill
737,66,go,languages
738,66,r,languages
739,66,communication,soft_skill
740,66,teamwork,soft_skill
741,66,problem solving,soft_skill
742,66,critical thinking,soft_skill
743,66,collaboration,soft_skill
744,67,go,languages
745,67,rust,languages
746,67,r,languages
747,67,excel,tools
748,67,communication,soft_skill
749,67,attention to detail,soft_skill
750,67,collaboration,soft_skill
751,67,interpersonal,soft_skill
752,67,organization,soft_skill
753,68,go,languages
754,68,r,languages
755,68,git,tools
756,68,tableau,tools
757,68,excel,tools
758,68,pmp,certifications
759,68,communication,soft_skill
760,68,leadership,soft_skill
761,68,analytical,soft_skill
762,68,collaboration,soft_skill
763,68,organization,soft_skill
764,69,go,languages
765,69,r,languages
766,69,excel,tools
767,69,communication,soft_skill
768,69,teamwork,soft_skill
769,69,critical thinking,soft_skill
770,69,attention to detail,soft_skill
771,69,collaboration,soft_skill
772,69,interpersonal,soft_skill
773,70,scala,languages
774,70,r,languages
775,70,problem solving,soft_skill
776,71,r,languages
777,71,communication,soft_skill
778,71,teamwork,soft_skill
779,71,problem solving,soft_skill
780,71,analytical,soft_skill
781,71,critical thinking,soft_skill
782,71,adaptability,soft_skill
783,71,attention to detail,soft_skill
784,71,collaboration,soft_skill
785,71,presentation,soft_skill
786,71,organization,soft_skill
787,72,python,languages
788,72,go,languages
789,72,r,languages
790,72,express,frameworks
791,72,excel,tools
792,72,ips,security_tools
793,72,communication,soft_skill
794,72,analytical,soft_skill
795,72,collaboration,soft_skill
796,72,interpersonal,soft_skill
797,73,go,languages
798,73,r,languages
799,73,excel,tools
800,73,leadership,soft_skill
801,73,organization,soft_skill
802,74,go,languages
803,74,r,languages
804,74,excel,tools
805,74,leadership,soft_skill
806,74,organization,soft_skill
807,75,python,languages
808,75,go,languages
809,75,scala,languages
810,75,r,languages
811,75,sql,languages
812,75,bash,languages
813,75,docker,tools
814,75,kubernetes,tools
815,75,aws,tools
816,75,ansible,tools
817,75,linux,tools
818,75,mongodb,tools
819,75,postgresql,tools
820,75,mysql,tools
821,75,redis,tools
822,75,kafka,tools
823,75,spark,tools
824,75,hadoop,tools
825,75,encryption,security_tools
826,75,communication,soft_skill
827,76,python,languages
828,76,go,languages
829,76,scala,languages
830,76,r,languages
831,76,sql,languages
832,76,bash,languages
833,76,docker,tools
834,76,kubernetes,tools
835,76,aws,tools
836,76,ansible,tools
837,76,linux,tools
838,76,mongodb,tools
839,76,postgresql,tools
840,76,mysql,tools
841,76,redis,tools
842,76,kafka,tools
843,76,spark,tools
844,76,hadoop,tools
845,76,encryption,security_tools
846,76,communication,soft_skill
847,77,python,languages
848,77,go,languages
849,77,scala,languages
850,77,r,languages
851,77,sql,languages
852,77,bash,languages
853,77,docker,tools
854,77,kubernetes,tools
855,77,aws,tools
856,77,ansible,tools
857,77,linux,tools
858,77,mongodb,tools
859,77,postgresql,tools
860,77,mysql,tools
861,77,redis,tools
862,77,kafka,tools
863,77,spark,tools
864,77,hadoop,tools
865,77,encryption,security_tools
866,77,communication,soft_skill
867,78,go,languages
868,78,scala,languages
869,78,r,languages
870,78,git,tools
871,78,excel,tools
872,78,analytical,soft_skill
873,78,presentation,soft_skill
874,79,python,languages
875,79,go,languages
876,79,rust,languages
877,79,r,languages
878,79,sql,languages
879,79,git,tools
880,79,tableau,tools
881,79,power bi,tools
882,79,excel,tools
883,79,ips,security_tools
884,79,communication,soft_skill
885,79,leadership,soft_skill
886,79,analytical,soft_skill
887,79,critical thinking,soft_skill
888,79,attention to detail,soft_skill
889,79,collaboration,soft_skill
890,79,presentation,soft_skill
891,79,organization,soft_skill
892,79,proactive,soft_skill
893,80,go,languages
894,80,scala,languages
895,80,r,languages
896,80,git,tools
897,80,excel,tools
898,80,analytical,soft_skill
899,80,presentation,soft_skill
900,81,go,languages
901,81,r,languages
902,81,gcp,tools
903,81,excel,tools
904,81,interpersonal,soft_skill
905,82,go,languages
906,82,r,languages
907,82,gcp,tools
908,82,excel,tools
909,82,interpersonal,soft_skill
910,83,go,languages
911,83,r,languages
912,83,excel,tools
913,83,ips,security_tools
914,83,communication,soft_skill
915,83,leadership,soft_skill
916,83,analytical,soft_skill
917,83,collaboration,soft_skill
918,84,go,languages
919,84,scala,languages
920,84,r,languages
921,84,git,tools
922,84,excel,tools
923,84,ips,security_tools
924,84,ssl,security_tools
925,84,communication,soft_skill
926,84,leadership,soft_skill
927,84,analytical,soft_skill
928,84,attention to detail,soft_skill
929,84,organization,soft_skill
930,85,python,languages
931,85,java,languages
932,85,go,languages
933,85,scala,languages
934,85,r,languages
935,85,sql,languages
936,85,git,tools
937,85,jenkins,tools
938,85,linux,tools
939,85,kafka,tools
940,85,spark,tools
941,85,hadoop,tools
942,85,tableau,tools
943,85,power bi,tools
944,85,excel,tools
945,85,presentation,soft_skill
946,86,python,languages
947,86,java,languages
948,86,go,languages
949,86,rust,languages
950,86,scala,languages
951,86,r,languages
952,86,sql,languages
953,86,aws,tools
954,86,kafka,tools
955,86,spark,tools
956,86,hadoop,tools
957,86,tableau,tools
958,86,excel,tools
959,86,leadership,soft_skill
960,86,analytical,soft_skill
961,86,presentation,soft_skill
962,86,interpersonal,soft_skill
963,86,organization,soft_skill
964,86,proactive,soft_skill
965,87,python,languages
966,87,java,languages
967,87,go,languages
968,87,rust,languages
969,87,scala,languages
970,87,r,languages
971,87,sql,languages
972,87,aws,tools
973,87,kafka,tools
974,87,spark,tools
975,87,hadoop,tools
976,87,tableau,tools
977,87,excel,tools
978,87,leadership,soft_skill
979,87,analytical,soft_skill
980,87,presentation,soft_skill
981,87,interpersonal,soft_skill
982,87,organization,soft_skill
983,87,proactive,soft_skill
984,88,python,languages
985,88,go,languages
986,88,scala,languages
987,88,r,languages
988,88,sql,languages
989,88,git,tools
990,88,communication,soft_skill
991,88,leadership,soft_skill
992,88,analytical,soft_skill
993,88,adaptability,soft_skill
994,88,attention to detail,soft_skill
995,88,interpersonal,soft_skill
996,88,organization,soft_skill
997,89,r,languages
998,90,python,languages
999,90,r,languages
1000,90,sql,languages
1001,90,communication,soft_skill
1002,90,collaboration,soft_skill
1003,90,proactive,soft_skill
1004,91,go,languages
1005,91,scala,languages
1006,91,r,languages
1007,91,sql,languages
1008,91,aws,tools
1009,91,jenkins,tools
1010,91,ansible,tools
1011,91,spark,tools
1012,91,hadoop,tools
1013,91,problem solving,soft_skill
1014,91,analytical,soft_skill
1015,91,critical thinking,soft_skill
1016,91,organization,soft_skill
1017,92,go,languages
1018,92,scala,languages
1019,92,r,languages
1020,92,sql,languages
1021,92,jenkins,tools
1022,92,ansible,tools
1023,92,problem solving,soft_skill
1024,92,analytical,soft_skill
1025,92,critical thinking,soft_skill
1026,92,organization,soft_skill
1027,93,scala,languages
1028,93,r,languages
1029,93,sql,languages
1030,93,spark,tools
1031,94,python,languages
1032,94,java,languages
1033,94,go,languages
1034,94,scala,languages
1035,94,r,languages
1036,94,sql,languages
1037,94,aws,tools
1038,94,azure,tools
1039,94,gcp,tools
1040,94,kafka,tools
1041,94,spark,tools
1042,94,hadoop,tools
1043,94,excel,tools
1044,94,communication,soft_skill
1045,94,attention to detail,soft_skill
1046,94,collaboration,soft_skill
1047,95,python,languages
1048,95,java,languages
1049,95,go,languages
1050,95,scala,languages
1051,95,r,languages
1052,95,sql,languages
1053,95,aws,tools
1054,95,azure,tools
1055,95,gcp,tools
1056,95,kafka,tools
1057,95,spark,tools
1058,95,hadoop,tools
1059,95,excel,tools
1060,95,communication,soft_skill
1061,95,attention to detail,soft_skill
1062,95,collaboration,soft_skill
1063,96,go,languages
1064,96,scala,languages
1065,96,r,languages
1066,96,sql,languages
1067,96,jenkins,tools
1068,96,ansible,tools
1069,96,problem solving,soft_skill
1070,96,analytical,soft_skill
1071,96,critical thinking,soft_skill
1072,96,organization,soft_skill
1073,97,r,languages
1074,97,git,tools
1075,98,r,languages
1076,98,git,tools
1077,99,r,languages
1078,99,git,tools
1079,100,r,languages
1080,100,git,tools
1081,101,r,languages
1082,101,git,tools
1083,102,r,languages
1084,102,git,tools
1085,103,scala,languages
1086,103,r,languages
1087,104,go,languages
1088,104,scala,languages
1089,104,r,languages
1090,104,git,tools
1091,105,python,languages
1092,105,go,languages
1093,105,scala,languages
1094,105,r,languages
1095,105,sql,languages
1096,105,aws,tools
1097,105,azure,tools
1098,106,go,languages
1099,106,r,languages
1100,106,aws,tools
1101,106,azure,tools
1102,106,organization,soft_skill
1103,107,go,languages
1104,107,scala,languages
1105,107,r,languages
1106,107,sql,languages
1107,107,aws,tools
1108,107,jenkins,tools
1109,107,ansible,tools
1110,107,spark,tools
1111,107,hadoop,tools
1112,107,problem solving,soft_skill
1113,107,analytical,soft_skill
1114,107,critical thinking,soft_skill
1115,107,organization,soft_skill
1116,108,go,languages
1117,108,scala,languages
1118,108,r,languages
1119,108,sql,languages
1120,108,aws,tools
1121,108,jenkins,tools
1122,108,ansible,tools
1123,108,spark,tools
1124,108,hadoop,tools
1125,108,problem solving,soft_skill
1126,108,analytical,soft_skill
1127,108,critical thinking,soft_skill
1128,108,organization,soft_skill
1129,109,python,languages
1130,109,java,languages
1131,109,typescript,languages
1132,109,go,languages
1133,109,rust,languages
1134,109,swift,languages
1135,109,scala,languages
1136,109,r,languages
1137,109,sql,languages
1138,109,spring,frameworks
1139,109,node.js,frameworks
1140,109,docker,tools
1141,109,kubernetes,tools
1142,109,aws,tools
1143,109,azure,tools
1144,109,git,tools
1145,109,jenkins,tools
1146,109,mongodb,tools
1147,109,postgresql,tools
1148,109,mysql,tools
1149,109,redis,tools
1150,109,kafka,tools
1151,109,excel,tools
1152,109,oauth,security_tools
1153,109,communication,soft_skill
1154,109,leadership,soft_skill
1155,110,go,languages
1156,110,r,languages
1157,110,excel,tools
1158,110,communication,soft_skill
1159,110,organization,soft_skill
1160,111,go,languages
1161,111,r,languages
1162,111,excel,tools
1163,111,ips,security_tools
1164,111,communication,soft_skill
1165,111,proactive,soft_skill
1166,112,rust,languages
1167,112,swift,languages
1168,112,r,languages
1169,112,excel,tools
1170,112,ips,security_tools
1171,112,communication,soft_skill
1172,112,teamwork,soft_skill
1173,112,analytical,soft_skill
1174,112,collaboration,soft_skill
1175,112,organization,soft_skill
1176,112,proactive,soft_skill
1177,113,go,languages
1178,113,r,languages
1179,113,ips,security_tools
1180,113,communication,soft_skill
1181,113,analytical,soft_skill
1182,113,adaptability,soft_skill
1183,113,collaboration,soft_skill
1184,114,go,languages
1185,114,rust,languages
1186,114,scala,languages
1187,114,r,languages
1188,114,git,tools
1189,114,excel,tools
1190,114,ssl,security_tools
1191,114,communication,soft_skill
1192,114,organization,soft_skill
1193,115,go,languages
1194,115,r,languages
1195,115,aws,tools
1196,115,excel,tools
1197,115,ips,security_tools
1198,115,pmp,certifications
1199,115,leadership,soft_skill
1200,115,collaboration,soft_skill
1201,115,organization,soft_skill
1202,116,go,languages
1203,116,r,languages
1204,116,aws,tools
1205,116,excel,tools
1206,116,ips,security_tools
1207,116,pmp,certifications
1208,116,communication,soft_skill
1209,116,leadership,soft_skill
1210,116,collaboration,soft_skill
1211,117,go,languages
1212,117,r,languages
1213,117,aws,tools
1214,117,excel,tools
1215,117,ips,security_tools
1216,117,pmp,certifications
1217,117,communication,soft_skill
1218,117,leadership,soft_skill
1219,117,collaboration,soft_skill
1220,118,go,languages
1221,118,r,languages
1222,118,aws,tools
1223,118,excel,tools
1224,118,ips,security_tools
1225,118,ssl,security_tools
1226,118,pmp,certifications
1227,118,communication,soft_skill
1228,118,leadership,soft_skill
1229,118,collaboration,soft_skill
1230,118,organization,soft_skill
1231,119,r,languages
1232,119,power bi,tools
1233,119,excel,tools
1234,119,communication,soft_skill
1235,119,teamwork,soft_skill
1236,119,analytical,soft_skill
1237,119,adaptability,soft_skill
1238,119,attention to detail,soft_skill
1239,119,collaboration,soft_skill
1240,120,python,languages
1241,120,go,languages
1242,120,scala,languages
1243,120,r,languages
1244,120,fastapi,frameworks
1245,120,pandas,frameworks
1246,120,numpy,frameworks
1247,120,.net,frameworks
1248,120,git,tools
1249,120,excel,tools
1250,120,communication,soft_skill
1251,120,analytical,soft_skill
1252,120,time management,soft_skill
1253,120,collaboration,soft_skill
1254,120,organization,soft_skill
1255,121,go,languages
1256,121,r,languages
1257,121,excel,tools
1258,121,communication,soft_skill
1259,121,teamwork,soft_skill
1260,122,scala,languages
1261,122,r,languages
1262,123,go,languages
1263,123,rust,languages
1264,123,r,languages
1265,123,excel,tools
1266,123,ips,security_tools
1267,123,communication,soft_skill
1268,123,teamwork,soft_skill
1269,123,leadership,soft_skill
1270,123,organization,soft_skill
1271,124,r,languages
1272,124,power bi,tools
1273,124,excel,tools
1274,124,communication,soft_skill
1275,124,teamwork,soft_skill
1276,124,analytical,soft_skill
1277,124,attention to detail,soft_skill
1278,124,presentation,soft_skill
1279,125,go,languages
1280,125,r,languages
1281,125,excel,tools
1282,125,communication,soft_skill
1283,126,go,languages
1284,126,rust,languages
1285,126,r,languages
1286,126,git,tools
1287,126,excel,tools
1288,126,ips,security_tools
1289,126,communication,soft_skill
1290,126,presentation,soft_skill
1291,126,organization,soft_skill
1292,126,proactive,soft_skill
1293,127,go,languages
1294,127,r,languages
1295,127,excel,tools
1296,127,ips,security_tools
1297,127,communication,soft_skill
1298,127,leadership,soft_skill
1299,127,analytical,soft_skill
1300,127,proactive,soft_skill
1301,128,go,languages
1302,128,r,languages
1303,128,excel,tools
1304,128,ips,security_tools
1305,128,communication,soft_skill
1306,128,leadership,soft_skill
1307,128,analytical,soft_skill
1308,128,proactive,soft_skill
1309,129,go,languages
1310,129,rust,languages
1311,129,r,languages
1312,129,git,tools
1313,129,excel,tools
1314,129,ips,security_tools
1315,129,communication,soft_skill
1316,129,presentation,soft_skill
1317,129,organization,soft_skill
1318,129,proactive,soft_skill
1319,130,go,languages
1320,130,r,languages
1321,130,excel,tools
1322,130,communication,soft_skill
1323,130,leadership,soft_skill
1324,130,interpersonal,soft_skill
1325,130,proactive,soft_skill
1326,131,go,languages
1327,131,rust,languages
1328,131,r,languages
1329,131,git,tools
1330,131,excel,tools
1331,131,ips,security_tools
1332,131,communication,soft_skill
1333,131,presentation,soft_skill
1334,131,organization,soft_skill
1335,131,proactive,soft_skill
1336,132,go,languages
1337,132,rust,languages
1338,132,scala,languages
1339,132,r,languages
1340,132,sql,languages
1341,132,kubernetes,tools
1342,132,azure,tools
1343,132,linux,tools
1344,132,postgresql,tools
1345,132,ips,security_tools
1346,132,vpn,security_tools
1347,132,leadership,soft_skill
1348,132,organization,soft_skill
1349,133,go,languages
1350,133,r,languages
1351,133,aws,tools
1352,133,excel,tools
1353,133,communication,soft_skill
1354,133,leadership,soft_skill
1355,133,analytical,soft_skill
1356,133,attention to detail,soft_skill
1357,133,collaboration,soft_skill
1358,133,interpersonal,soft_skill
1359,133,organization,soft_skill
1360,133,proactive,soft_skill
1361,134,python,languages
1362,134,java,languages
1363,134,go,languages
1364,134,r,languages
1365,134,sql,languages
1366,134,linux,tools
1367,134,tableau,tools
1368,134,power bi,tools
1369,134,analytical,soft_skill
1370,134,presentation,soft_skill
1371,135,python,languages
1372,135,java,languages
1373,135,go,languages
1374,135,r,languages
1375,135,sql,languages
1376,135,linux,tools
1377,135,tableau,tools
1378,135,power bi,tools
1379,135,analytical,soft_skill
1380,135,presentation,soft_skill
1381,136,python,languages
1382,136,java,languages
1383,136,go,languages
1384,136,r,languages
1385,136,sql,languages
1386,136,linux,tools
1387,136,tableau,tools
1388,136,power bi,tools
1389,136,analytical,soft_skill
1390,136,presentation,soft_skill
1391,137,go,languages
1392,137,r,languages
1393,137,git,tools
1394,137,excel,tools
1395,137,ips,security_tools
1396,137,communication,soft_skill
1397,137,leadership,soft_skill
1398,137,analytical,soft_skill
1399,137,collaboration,soft_skill
1400,137,presentation,soft_skill
1401,137,interpersonal,soft_skill
1402,138,go,languages
1403,138,scala,languages
1404,138,r,languages
1405,138,sql,languages
1406,138,tableau,tools
1407,138,power bi,tools
1408,138,excel,tools
1409,138,ips,security_tools
1410,138,communication,soft_skill
1411,138,analytical,soft_skill
1412,138,collaboration,soft_skill
1413,138,presentation,soft_skill
1414,138,organization,soft_skill
1415,138,self-motivated,soft_skill
1416,139,python,languages
1417,139,r,languages
1418,139,sql,languages
1419,139,power bi,tools
1420,139,analytical,soft_skill
1421,140,go,languages
1422,140,scala,languages
1423,140,r,languages
1424,140,critical thinking,soft_skill
1425,140,adaptability,soft_skill
1426,140,organization,soft_skill
1427,141,go,languages
1428,141,scala,languages
1429,141,r,languages
1430,141,critical thinking,soft_skill
1431,141,adaptability,soft_skill
1432,141,organization,soft_skill
1433,142,go,languages
1434,142,r,languages
1435,142,sql,languages
1436,142,express,frameworks
1437,142,mongodb,tools
1438,142,power bi,tools
1439,142,excel,tools
1440,142,communication,soft_skill
1441,142,analytical,soft_skill
1442,142,attention to detail,soft_skill
1443,142,organization,soft_skill
1444,143,python,languages
1445,143,r,languages
1446,143,sql,languages
1447,143,postgresql,tools
1448,143,mysql,tools
1449,143,tableau,tools
1450,143,power bi,tools
1451,143,excel,tools
1452,143,communication,soft_skill
1453,143,analytical,soft_skill
1454,144,r,languages
1455,144,excel,tools
1456,144,communication,soft_skill
1457,144,analytical,soft_skill
1458,144,interpersonal,soft_skill
1459,145,python,languages
1460,145,go,languages
1461,145,r,languages
1462,145,sql,languages
1463,145,tableau,tools
1464,145,power bi,tools
1465,145,excel,tools
1466,145,ips,security_tools
1467,145,communication,soft_skill
1468,145,leadership,soft_skill
1469,145,analytical,soft_skill
1470,145,critical thinking,soft_skill
1471,145,adaptability,soft_skill
1472,145,collaboration,soft_skill
1473,145,presentation,soft_skill
1474,145,organization,soft_skill
1475,146,python,languages
1476,146,go,languages
1477,146,r,languages
1478,146,sql,languages
1479,146,tableau,tools
1480,146,power bi,tools
1481,146,excel,tools
1482,146,ips,security_tools
1483,146,communication,soft_skill
1484,146,leadership,soft_skill
1485,146,analytical,soft_skill
1486,146,critical thinking,soft_skill
1487,146,adaptability,soft_skill
1488,146,collaboration,soft_skill
1489,146,presentation,soft_skill
1490,146,organization,soft_skill
1491,147,go,languages
1492,147,r,languages
1493,147,excel,tools
1494,147,interpersonal,soft_skill
1495,148,go,languages
1496,148,r,languages
1497,148,excel,tools
1498,148,interpersonal,soft_skill
1499,149,rust,languages
1500,149,r,languages
1501,149,git,tools
1502,149,excel,tools
1503,149,ips,security_tools
1504,149,pmp,certifications
1505,149,communication,soft_skill
1506,149,analytical,soft_skill
1507,149,attention to detail,soft_skill
1508,149,presentation,soft_skill
1509,149,interpersonal,soft_skill
1510,149,organization,soft_skill
1511,150,python,languages
1512,150,go,languages
1513,150,rust,languages
1514,150,r,languages
1515,150,sql,languages
1516,150,git,tools
1517,150,tableau,tools
1518,150,power bi,tools
1519,150,ips,security_tools
1520,150,ssl,security_tools
1521,150,communication,soft_skill
1522,150,leadership,soft_skill
1523,150,analytical,soft_skill
1524,150,attention to detail,soft_skill
1525,150,collaboration,soft_skill
1526,150,proactive,soft_skill
1527,151,go,languages
1528,151,r,languages
1529,151,express,frameworks
1530,151,excel,tools
1531,151,ips,security_tools
1532,151,ssl,security_tools
1533,151,communication,soft_skill
1534,151,leadership,soft_skill
1535,151,analytical,soft_skill
1536,151,collaboration,soft_skill
1537,151,presentation,soft_skill
1538,151,organization,soft_skill
1539,151,proactive,soft_skill
1540,152,go,languages
1541,152,r,languages
1542,152,express,frameworks
1543,152,excel,tools
1544,152,ips,security_tools
1545,152,ssl,security_tools
1546,152,communication,soft_skill
1547,152,leadership,soft_skill
1548,152,analytical,soft_skill
1549,152,collaboration,soft_skill
1550,152,presentation,soft_skill
1551,152,organization,soft_skill
1552,152,proactive,soft_skill
1553,153,go,languages
1554,153,r,languages
1555,153,express,frameworks
1556,153,excel,tools
1557,153,ips,security_tools
1558,153,ssl,security_tools
1559,153,communication,soft_skill
1560,153,leadership,soft_skill
1561,153,analytical,soft_skill
1562,153,collaboration,soft_skill
1563,153,presentation,soft_skill
1564,153,organization,soft_skill
1565,153,proactive,soft_skill
1566,154,go,languages
1567,154,r,languages
1568,154,git,tools
1569,154,power bi,tools
1570,154,analytical,soft_skill
1571,154,collaboration,soft_skill
1572,154,organization,soft_skill
1573,155,go,languages
1574,155,scala,languages
1575,155,r,languages
1576,155,ips,security_tools
1577,155,communication,soft_skill
1578,155,analytical,soft_skill
1579,155,time management,soft_skill
1580,155,attention to detail,soft_skill
1581,155,presentation,soft_skill
1582,155,proactive,soft_skill
1583,156,go,languages
1584,156,r,languages
1585,156,communication,soft_skill
1586,156,analytical,soft_skill
1587,156,attention to detail,soft_skill
1588,156,interpersonal,soft_skill
1589,156,proactive,soft_skill
1590,157,go,languages
1591,157,r,languages
1592,157,excel,tools
1593,157,ips,security_tools
1594,157,communication,soft_skill
1595,157,leadership,soft_skill
1596,157,analytical,soft_skill
1597,157,collaboration,soft_skill
1598,157,presentation,soft_skill
1599,157,organization,soft_skill
1600,158,go,languages
1601,158,r,languages
1602,158,.net,frameworks
1603,158,ips,security_tools
1604,158,communication,soft_skill
1605,158,attention to detail,soft_skill
1606,158,organization,soft_skill
1607,159,go,languages
1608,159,r,languages
1609,159,excel,tools
1610,159,ips,security_tools
1611,159,teamwork,soft_skill
1612,159,leadership,soft_skill
1613,159,analytical,soft_skill
1614,159,organization,soft_skill
1615,159,proactive,soft_skill
1616,160,go,languages
1617,160,rust,languages
1618,160,r,languages
1619,160,git,tools
1620,160,excel,tools
1621,160,ips,security_tools
1622,160,communication,soft_skill
1623,160,leadership,soft_skill
1624,160,analytical,soft_skill
1625,160,presentation,soft_skill
1626,160,proactive,soft_skill
1627,161,go,languages
1628,161,rust,languages
1629,161,r,languages
1630,161,git,tools
1631,161,excel,tools
1632,161,ips,security_tools
1633,161,communication,soft_skill
1634,161,leadership,soft_skill
1635,161,analytical,soft_skill
1636,161,presentation,soft_skill
1637,161,proactive,soft_skill
1638,162,rust,languages
1639,162,r,languages
1640,162,excel,tools
1641,162,analytical,soft_skill
1642,162,organization,soft_skill
1643,163,r,languages
1644,163,leadership,soft_skill
1645,164,r,languages
1646,164,leadership,soft_skill
1647,165,r,languages
1648,165,git,tools
1649,165,communication,soft_skill
1650,166,r,languages
1651,166,git,tools
1652,166,communication,soft_skill
1653,167,go,languages
1654,167,rust,languages
1655,167,r,languages
1656,167,git,tools
1657,167,ips,security_tools
1658,167,ssl,security_tools
1659,167,communication,soft_skill
1660,167,collaboration,soft_skill
1661,167,interpersonal,soft_skill
1662,167,proactive,soft_skill
1663,168,go,languages
1664,168,r,languages
1665,168,excel,tools
1666,168,ips,security_tools
1667,168,communication,soft_skill
1668,168,analytical,soft_skill
1669,168,presentation,soft_skill
1670,168,interpersonal,soft_skill
1671,168,organization,soft_skill
1672,169,go,languages
1673,169,r,languages
1674,169,excel,tools
1675,169,ips,security_tools
1676,169,communication,soft_skill
1677,169,analytical,soft_skill
1678,169,presentation,soft_skill
1679,169,interpersonal,soft_skill
1680,169,organization,soft_skill
1681,170,python,languages
1682,170,go,languages
1683,170,scala,languages
1684,170,r,languages
1685,170,sql,languages
1686,170,aws,tools
1687,170,git,tools
1688,170,tableau,tools
1689,170,power bi,tools
1690,170,excel,tools
1691,170,jira,tools
1692,170,ips,security_tools
1693,170,communication,soft_skill
1694,170,leadership,soft_skill
1695,170,organization,soft_skill
1696,170,proactive,soft_skill
1697,171,r,languages
1698,171,excel,tools
1699,171,communication,soft_skill
1700,171,organization,soft_skill
1701,172,go,languages
1702,172,r,languages
1703,172,communication,soft_skill
1704,172,analytical,soft_skill
1705,172,time management,soft_skill
1706,172,attention to detail,soft_skill
1707,172,collaboration,soft_skill
1708,172,organization,soft_skill
1709,173,python,languages
1710,173,java,languages
1711,173,go,languages
1712,173,rust,languages
1713,173,r,languages
1714,173,sql,languages
1715,173,docker,tools
1716,173,aws,tools
1717,173,azure,tools
1718,173,git,tools
1719,173,linux,tools
1720,173,mysql,tools
1721,173,spark,tools
1722,173,hadoop,tools
1723,173,power bi,tools
1724,173,ips,security_tools
1725,173,ssl,security_tools
1726,173,communication,soft_skill
1727,173,collaboration,soft_skill
1728,173,interpersonal,soft_skill
1729,174,python,languages
1730,174,go,languages
1731,174,r,languages
1732,174,sql,languages
1733,174,tableau,tools
1734,174,power bi,tools
1735,174,excel,tools
1736,174,analytical,soft_skill
1737,174,organization,soft_skill
1738,174,proactive,soft_skill
1739,175,python,languages
1740,175,typescript,languages
1741,175,go,languages
1742,175,scala,languages
1743,175,r,languages
1744,175,django,frameworks
1745,175,git,tools
1746,175,tableau,tools
1747,175,power bi,tools
1748,175,excel,tools
1749,175,analytical,soft_skill
1750,175,attention to detail,soft_skill
1751,175,collaboration,soft_skill
1752,175,organization,soft_skill
1753,176,python,languages
1754,176,go,languages
1755,176,r,languages
1756,176,sql,languages
1757,176,tableau,tools
1758,176,power bi,tools
1759,176,excel,tools
1760,176,analytical,soft_skill
1761,176,organization,soft_skill
1762,176,proactive,soft_skill
1763,177,python,languages
1764,177,typescript,languages
1765,177,go,languages
1766,177,scala,languages
1767,177,r,languages
1768,177,django,frameworks
1769,177,git,tools
1770,177,tableau,tools
1771,177,power bi,tools
1772,177,excel,tools
1773,177,analytical,soft_skill
1774,177,attention to detail,soft_skill
1775,177,collaboration,soft_skill
1776,177,organization,soft_skill
1777,178,python,languages
1778,178,typescript,languages
1779,178,go,languages
1780,178,scala,languages
1781,178,r,languages
1782,178,django,frameworks
1783,178,git,tools
1784,178,tableau,tools
1785,178,power bi,tools
1786,178,excel,tools
1787,178,analytical,soft_skill
1788,178,attention to detail,soft_skill
1789,178,collaboration,soft_skill
1790,178,organization,soft_skill
1791,179,go,languages
1792,179,rust,languages
1793,179,r,languages
1794,179,git,tools
1795,179,ips,security_tools
1796,179,ssl,security_tools
1797,179,leadership,soft_skill
1798,179,collaboration,soft_skill
1799,180,python,languages
1800,180,typescript,languages
1801,180,go,languages
1802,180,scala,languages
1803,180,r,languages
1804,180,django,frameworks
1805,180,git,tools
1806,180,tableau,tools
1807,180,power bi,tools
1808,180,excel,tools
1809,180,analytical,soft_skill
1810,180,attention to detail,soft_skill
1811,180,collaboration,soft_skill
1812,180,organization,soft_skill
1813,181,python,languages
1814,181,typescript,languages
1815,181,go,languages
1816,181,scala,languages
1817,181,r,languages
1818,181,django,frameworks
1819,181,git,tools
1820,181,tableau,tools
1821,181,power bi,tools
1822,181,excel,tools
1823,181,analytical,soft_skill
1824,181,attention to detail,soft_skill
1825,181,collaboration,soft_skill
1826,181,organization,soft_skill
1827,182,python,languages
1828,182,r,languages
1829,182,sql,languages
1830,182,tableau,tools
1831,182,power bi,tools
1832,182,communication,soft_skill
1833,182,analytical,soft_skill
1834,182,organization,soft_skill
1835,183,python,languages
1836,183,go,languages
1837,183,rust,languages
1838,183,r,languages
1839,183,sql,languages
1840,183,express,frameworks
1841,183,excel,tools
1842,183,ips,security_tools
1843,183,communication,soft_skill
1844,183,leadership,soft_skill
1845,183,organization,soft_skill
1846,184,python,languages
1847,184,r,languages
1848,184,sql,languages
1849,184,tableau,tools
1850,184,communication,soft_skill
1851,184,analytical,soft_skill
1852,184,organization,soft_skill
1853,185,python,languages
1854,185,r,languages
1855,185,sql,languages
1856,185,tableau,tools
1857,185,power bi,tools
1858,185,communication,soft_skill
1859,185,analytical,soft_skill
1860,185,organization,soft_skill
1861,186,python,languages
1862,186,go,languages
1863,186,rust,languages
1864,186,r,languages
1865,186,sql,languages
1866,186,express,frameworks
1867,186,excel,tools
1868,186,ips,security_tools
1869,186,communication,soft_skill
1870,186,leadership,soft_skill
1871,186,organization,soft_skill
1872,187,python,languages
1873,187,r,languages
1874,187,sql,languages
1875,187,tableau,tools
1876,187,power bi,tools
1877,187,communication,soft_skill
1878,187,analytical,soft_skill
1879,187,organization,soft_skill
1880,188,python,languages
1881,188,r,languages
1882,188,sql,languages
1883,188,tableau,tools
1884,188,power bi,tools
1885,188,communication,soft_skill
1886,188,analytical,soft_skill
1887,188,organization,soft_skill
1888,189,r,languages
1889,189,excel,tools
1890,189,analytical,soft_skill
1891,189,presentation,soft_skill
1892,190,r,languages
1893,190,siem,security_tools
1894,190,firewall,security_tools
1895,190,ids,security_tools
1896,190,ips,security_tools
1897,190,analytical,soft_skill
1898,190,organization,soft_skill
1899,190,proactive,soft_skill
1900,191,r,languages
1901,191,siem,security_tools
1902,191,firewall,security_tools
1903,191,ids,security_tools
1904,191,ips,security_tools
1905,191,analytical,soft_skill
1906,191,organization,soft_skill
1907,191,proactive,soft_skill
1908,192,r,languages
1909,192,git,tools
1910,192,burp suite,security_tools
1911,192,ssl,security_tools
1912,192,cissp,certifications
1913,192,ceh,certifications
1914,193,go,languages
1915,193,scala,languages
1916,193,r,languages
1917,193,aws,tools
1918,193,git,tools
1919,193,excel,tools
1920,193,teamwork,soft_skill
1921,193,leadership,soft_skill
1922,193,analytical,soft_skill
1923,193,collaboration,soft_skill
1924,193,organization,soft_skill
1925,194,go,languages
1926,194,scala,languages
1927,194,r,languages
1928,194,git,tools
1929,194,excel,tools
1930,194,analytical,soft_skill
1931,194,attention to detail,soft_skill
1932,194,collaboration,soft_skill
1933,194,organization,soft_skill
1934,195,python,languages
1935,195,java,languages
1936,195,go,languages
1937,195,rust,languages
1938,195,php,languages
1939,195,scala,languages
1940,195,r,languages
1941,195,git,tools
1942,195,excel,tools
1943,195,siem,security_tools
1944,195,firewall,security_tools
1945,195,encryption,security_tools
1946,195,ssl,security_tools
1947,195,comptia,certifications
1948,195,pmp,certifications
1949,195,itil,certifications
1950,195,communication,soft_skill
1951,195,teamwork,soft_skill
1952,195,analytical,soft_skill
1953,195,adaptability,soft_skill
1954,195,collaboration,soft_skill
1955,195,presentation,soft_skill
1956,195,organization,soft_skill
1957,195,proactive,soft_skill
1958,196,go,languages
1959,196,r,languages
1960,196,linux,tools
1961,196,wireshark,security_tools
1962,196,nmap,security_tools
1963,196,metasploit,security_tools
1964,196,burp suite,security_tools
1965,196,encryption,security_tools
1966,196,cissp,certifications
1967,196,ceh,certifications
1968,196,leadership,soft_skill
1969,196,collaboration,soft_skill
1970,197,scala,languages
1971,197,r,languages
1972,197,ceh,certifications
1973,197,communication,soft_skill
1974,197,organization,soft_skill
1975,197,proactive,soft_skill
1976,198,r,languages
1977,198,cissp,certifications
1978,198,proactive,soft_skill
1979,199,go,languages
1980,199,r,languages
1981,199,aws,tools
1982,199,azure,tools
1983,199,cissp,certifications
1984,199,proactive,soft_skill
1985,200,r,languages
1986,200,aws,tools
1987,200,azure,tools
1988,200,aws certified,certifications
1989,200,cissp,certifications
1990,200,ceh,certifications
1991,200,comptia,certifications
1992,200,ccna,certifications
1993,200,communication,soft_skill
1994,200,organization,soft_skill
1995,201,r,languages
1996,201,aws,tools
1997,201,azure,tools
1998,201,aws certified,certifications
1999,201,cissp,certifications
2000,201,ceh,certifications
2001,201,comptia,certifications
2002,201,ccna,certifications
2003,201,communication,soft_skill
2004,201,organization,soft_skill
2005,202,go,languages
2006,202,scala,languages
2007,202,r,languages
2008,202,sql,languages
2009,202,linux,tools
2010,202,excel,tools
2011,202,wireshark,security_tools
2012,202,nmap,security_tools
2013,202,metasploit,security_tools
2014,202,burp suite,security_tools
2015,202,firewall,security_tools
2016,202,ceh,certifications
2017,202,comptia,certifications
2018,202,communication,soft_skill
2019,202,leadership,soft_skill
2020,202,analytical,soft_skill
2021,202,collaboration,soft_skill
2022,202,presentation,soft_skill
2023,203,r,languages
2024,203,git,tools
2025,203,burp suite,security_tools
2026,203,ssl,security_tools
2027,203,ceh,certifications
2028,204,go,languages
2029,204,scala,languages
2030,204,r,languages
2031,204,sql,languages
2032,204,linux,tools
2033,204,excel,tools
2034,204,wireshark,security_tools
2035,204,nmap,security_tools
2036,204,metasploit,security_tools
2037,204,burp suite,security_tools
2038,204,firewall,security_tools
2039,204,ceh,certifications
2040,204,comptia,certifications
2041,204,communication,soft_skill
2042,204,leadership,soft_skill
2043,204,analytical,soft_skill
2044,204,collaboration,soft_skill
2045,204,presentation,soft_skill
2046,205,go,languages
2047,205,scala,languages
2048,205,r,languages
2049,205,sql,languages
2050,205,linux,tools
2051,205,excel,tools
2052,205,wireshark,security_tools
2053,205,nmap,security_tools
2054,205,metasploit,security_tools
2055,205,burp suite,security_tools
2056,205,firewall,security_tools
2057,205,ceh,certifications
2058,205,comptia,certifications
2059,205,communication,soft_skill
2060,205,leadership,soft_skill
2061,205,analytical,soft_skill
2062,205,collaboration,soft_skill
2063,205,presentation,soft_skill
2064,206,go,languages
2065,206,scala,languages
2066,206,r,languages
2067,206,sql,languages
2068,206,linux,tools
2069,206,excel,tools
2070,206,wireshark,security_tools
2071,206,nmap,security_tools
2072,206,metasploit,security_tools
2073,206,burp suite,security_tools
2074,206,firewall,security_tools
2075,206,ceh,certifications
2076,206,comptia,certifications
2077,206,communication,soft_skill
2078,206,leadership,soft_skill
2079,206,analytical,soft_skill
2080,206,collaboration,soft_skill
2081,206,presentation,soft_skill
2082,207,go,languages
2083,207,scala,languages
2084,207,r,languages
2085,207,ips,security_tools
2086,207,leadership,soft_skill
2087,207,collaboration,soft_skill
2088,207,organization,soft_skill
2089,208,go,languages
2090,208,scala,languages
2091,208,r,languages
2092,208,ips,security_tools
2093,208,leadership,soft_skill
2094,208,collaboration,soft_skill
2095,208,organization,soft_skill
2096,209,go,languages
2097,209,r,languages
2098,209,git,tools
2099,209,ips,security_tools
2100,209,collaboration,soft_skill
2101,209,organization,soft_skill
2102,210,go,languages
2103,210,r,languages
2104,210,git,tools
2105,210,ips,security_tools
2106,210,collaboration,soft_skill
2107,210,organization,soft_skill
2108,211,go,languages
2109,211,rust,languages
2110,211,scala,languages
2111,211,r,languages
2112,211,ips,security_tools
2113,211,leadership,soft_skill
2114,211,collaboration,soft_skill
2115,211,organization,soft_skill
2116,212,go,languages
2117,212,scala,languages
2118,212,r,languages
2119,212,aws,tools
2120,212,git,tools
2121,212,ips,security_tools
2122,212,communication,soft_skill
2123,212,leadership,soft_skill
2124,212,collaboration,soft_skill
2125,213,go,languages
2126,213,scala,languages
2127,213,r,languages
2128,213,aws,tools
2129,213,git,tools
2130,213,ips,security_tools
2131,213,communication,soft_skill
2132,213,leadership,soft_skill
2133,214,go,languages
2134,214,scala,languages
2135,214,r,languages
2136,214,aws,tools
2137,214,git,tools
2138,214,ips,security_tools
2139,214,communication,soft_skill
2140,214,leadership,soft_skill
2141,215,go,languages
2142,215,scala,languages
2143,215,r,languages
2144,215,aws,tools
2145,215,git,tools
2146,215,ips,security_tools
2147,215,communication,soft_skill
2148,215,leadership,soft_skill
2149,216,r,languages
2150,216,aws,tools
2151,216,azure,tools
2152,216,ccna,certifications
2153,216,itil,certifications
2154,217,r,languages
2155,217,siem,security_tools
2156,217,ips,security_tools
2157,217,collaboration,soft_skill
2158,218,go,languages
2159,218,r,languages
2160,218,aws,tools
2161,218,azure,tools
2162,218,cissp,certifications
2163,218,ceh,certifications
2164,218,comptia,certifications
2165,218,ccna,certifications
2166,218,communication,soft_skill
2167,219,go,languages
2168,219,r,languages
2169,219,aws,tools
2170,219,azure,tools
2171,219,cissp,certifications
2172,219,ceh,certifications
2173,219,comptia,certifications
2174,219,ccna,certifications
2175,219,communication,soft_skill
2176,220,go,languages
2177,220,scala,languages
2178,220,r,languages
2179,220,sql,languages
2180,220,git,tools
2181,220,excel,tools
2182,220,ips,security_tools
2183,220,communication,soft_skill
2184,220,analytical,soft_skill
2185,220,attention to detail,soft_skill
2186,220,collaboration,soft_skill
2187,221,go,languages
2188,221,scala,languages
2189,221,r,languages
2190,221,sql,languages
2191,221,git,tools
2192,221,excel,tools
2193,221,ips,security_tools
2194,221,communication,soft_skill
2195,221,analytical,soft_skill
2196,221,attention to detail,soft_skill
2197,221,collaboration,soft_skill
2198,222,go,languages
2199,222,rust,languages
2200,222,scala,languages
2201,222,r,languages
2202,222,aws,tools
2203,222,azure,tools
2204,222,gcp,tools
2205,222,excel,tools
2206,222,jira,tools
2207,222,communication,soft_skill
2208,222,leadership,soft_skill
2209,222,attention to detail,soft_skill
2210,222,organization,soft_skill
2211,222,proactive,soft_skill
2212,223,go,languages
2213,223,scala,languages
2214,223,r,languages
2215,223,sql,languages
2216,223,git,tools
2217,223,excel,tools
2218,223,ips,security_tools
2219,223,communication,soft_skill
2220,223,analytical,soft_skill
2221,223,attention to detail,soft_skill
2222,223,collaboration,soft_skill
2223,224,go,languages
2224,224,r,languages
2225,224,docker,tools
2226,224,kubernetes,tools
2227,224,aws,tools
2228,224,azure,tools
2229,224,terraform,tools
2230,224,ansible,tools
2231,224,excel,tools
2232,224,firewall,security_tools
2233,224,vpn,security_tools
2234,224,encryption,security_tools
2235,224,aws certified,certifications
2236,224,cissp,certifications
2237,224,communication,soft_skill
2238,224,analytical,soft_skill
2239,224,attention to detail,soft_skill
2240,224,organization,soft_skill
2241,225,go,languages
2242,225,scala,languages
2243,225,r,languages
2244,225,aws,tools
2245,225,siem,security_tools
2246,225,firewall,security_tools
2247,225,ceh,certifications
2248,225,comptia,certifications
2249,225,itil,certifications
2250,225,analytical,soft_skill
2251,225,attention to detail,soft_skill
2252,225,collaboration,soft_skill
2253,225,presentation,soft_skill
2254,225,proactive,soft_skill
2255,226,go,languages
2256,226,scala,languages
2257,226,r,languages
2258,226,aws,tools
2259,226,siem,security_tools
2260,226,firewall,security_tools
2261,226,ceh,certifications
2262,226,comptia,certifications
2263,226,itil,certifications
2264,226,analytical,soft_skill
2265,226,attention to detail,soft_skill
2266,226,collaboration,soft_skill
2267,226,presentation,soft_skill
2268,226,proactive,soft_skill
2269,227,python,languages
2270,227,go,languages
2271,227,r,languages
2272,227,bash,languages
2273,227,excel,tools
2274,227,splunk,security_tools
2275,227,siem,security_tools
2276,227,firewall,security_tools
2277,227,ids,security_tools
2278,227,ips,security_tools
2279,227,cissp,certifications
2280,227,ceh,certifications
2281,227,comptia,certifications
2282,227,communication,soft_skill
2283,227,teamwork,soft_skill
2284,227,analytical,soft_skill
2285,227,attention to detail,soft_skill
2286,227,organization,soft_skill
2287,228,python,languages
2288,228,go,languages
2289,228,r,languages
2290,228,bash,languages
2291,228,excel,tools
2292,228,splunk,security_tools
2293,228,siem,security_tools
2294,228,firewall,security_tools
2295,228,ids,security_tools
2296,228,ips,security_tools
2297,228,cissp,certifications
2298,228,ceh,certifications
2299,228,comptia,certifications
2300,228,communication,soft_skill
2301,228,teamwork,soft_skill
2302,228,analytical,soft_skill
2303,228,attention to detail,soft_skill
2304,228,organization,soft_skill
2305,229,python,languages
2306,229,go,languages
2307,229,r,languages
2308,229,bash,languages
2309,229,excel,tools
2310,229,splunk,security_tools
2311,229,siem,security_tools
2312,229,firewall,security_tools
2313,229,ids,security_tools
2314,229,ips,security_tools
2315,229,cissp,certifications
2316,229,ceh,certifications
2317,229,comptia,certifications
2318,229,communication,soft_skill
2319,229,teamwork,soft_skill
2320,229,analytical,soft_skill
2321,229,attention to detail,soft_skill
2322,229,organization,soft_skill
2323,230,python,languages
2324,230,go,languages
2325,230,r,languages
2326,230,bash,languages
2327,230,excel,tools
2328,230,splunk,security_tools
2329,230,siem,security_tools
2330,230,firewall,security_tools
2331,230,ids,security_tools
2332,230,ips,security_tools
2333,230,cissp,certifications
2334,230,ceh,certifications
2335,230,comptia,certifications
2336,230,communication,soft_skill
2337,230,teamwork,soft_skill
2338,230,analytical,soft_skill
2339,230,attention to detail,soft_skill
2340,230,organization,soft_skill
2341,231,go,languages
2342,231,r,languages
2343,231,excel,tools
2344,231,firewall,security_tools
2345,231,ceh,certifications
2346,231,comptia,certifications
2347,231,communication,soft_skill
2348,231,attention to detail,soft_skill
2349,231,organization,soft_skill
2350,232,go,languages
2351,232,rust,languages
2352,232,scala,languages
2353,232,r,languages
2354,232,aws,tools
2355,232,azure,tools
2356,232,gcp,tools
2357,232,excel,tools
2358,232,jira,tools
2359,232,communication,soft_skill
2360,232,leadership,soft_skill
2361,232,attention to detail,soft_skill
2362,232,organization,soft_skill
2363,232,proactive,soft_skill
2364,233,python,languages
2365,233,go,languages
2366,233,scala,languages
2367,233,r,languages
2368,233,sql,languages
2369,233,powershell,languages
2370,233,excel,tools
2371,233,wireshark,security_tools
2372,233,siem,security_tools
2373,233,firewall,security_tools
2374,233,ids,security_tools
2375,233,cissp,certifications
2376,233,ceh,certifications
2377,233,ccna,certifications
2378,233,communication,soft_skill
2379,233,leadership,soft_skill
2380,233,interpersonal,soft_skill
2381,233,proactive,soft_skill
2382,234,python,languages
2383,234,go,languages
2384,234,scala,languages
2385,234,r,languages
2386,234,sql,languages
2387,234,powershell,languages
2388,234,excel,tools
2389,234,wireshark,security_tools
2390,234,siem,security_tools
2391,234,firewall,security_tools
2392,234,ids,security_tools
2393,234,cissp,certifications
2394,234,ceh,certifications
2395,234,ccna,certifications
2396,234,communication,soft_skill
2397,234,leadership,soft_skill
2398,234,interpersonal,soft_skill
2399,234,proactive,soft_skill
2400,235,python,languages
2401,235,go,languages
2402,235,scala,languages
2403,235,r,languages
2404,235,sql,languages
2405,235,powershell,languages
2406,235,excel,tools
2407,235,wireshark,security_tools
2408,235,siem,security_tools
2409,235,firewall,security_tools
2410,235,ids,security_tools
2411,235,cissp,certifications
2412,235,ceh,certifications
2413,235,ccna,certifications
2414,235,communication,soft_skill
2415,235,leadership,soft_skill
2416,235,interpersonal,soft_skill
2417,235,proactive,soft_skill
2418,236,go,languages
2419,236,rust,languages
2420,236,scala,languages
2421,236,r,languages
2422,236,git,tools
2423,236,excel,tools
2424,236,communication,soft_skill
2425,236,organization,soft_skill
2426,236,proactive,soft_skill
2427,237,go,languages
2428,237,r,languages
2429,237,excel,tools
2430,237,firewall,security_tools
2431,237,ceh,certifications
2432,237,comptia,certifications
2433,237,communication,soft_skill
2434,237,attention to detail,soft_skill
2435,237,organization,soft_skill
2436,238,go,languages
2437,238,r,languages
2438,238,excel,tools
2439,238,firewall,security_tools
2440,238,ceh,certifications
2441,238,comptia,certifications
2442,238,communication,soft_skill
2443,238,attention to detail,soft_skill
2444,239,go,languages
2445,239,r,languages
2446,239,excel,tools
2447,239,firewall,security_tools
2448,239,ceh,certifications
2449,239,comptia,certifications
2450,239,communication,soft_skill
2451,239,attention to detail,soft_skill
2452,240,go,languages
2453,240,r,languages
2454,240,excel,tools
2455,240,firewall,security_tools
2456,240,ceh,certifications
2457,240,comptia,certifications
2458,240,communication,soft_skill
2459,240,attention to detail,soft_skill
2460,241,go,languages
2461,241,r,languages
2462,241,excel,tools
2463,241,firewall,security_tools
2464,241,ceh,certifications
2465,241,comptia,certifications
2466,241,communication,soft_skill
2467,241,attention to detail,soft_skill
2468,241,organization,soft_skill
2469,242,go,languages
2470,242,swift,languages
2471,242,scala,languages
2472,242,r,languages
2473,242,angular,frameworks
2474,242,.net,frameworks
2475,242,git,tools
2476,242,excel,tools
2477,242,ips,security_tools
2478,242,communication,soft_skill
2479,242,leadership,soft_skill
2480,242,analytical,soft_skill
2481,242,organization,soft_skill
2482,242,proactive,soft_skill
2483,243,go,languages
2484,243,r,languages
2485,243,aws,tools
2486,243,azure,tools
2487,243,gcp,tools
2488,243,excel,tools
2489,243,firewall,security_tools
2490,243,ids,security_tools
2491,243,ips,security_tools
2492,243,ceh,certifications
2493,243,communication,soft_skill
2494,243,leadership,soft_skill
2495,243,analytical,soft_skill
2496,243,proactive,soft_skill
2497,244,go,languages
2498,244,r,languages
2499,244,aws,tools
2500,244,linux,tools
2501,244,cissp,certifications
2502,244,ceh,certifications
2503,244,leadership,soft_skill
2504,244,presentation,soft_skill
2505,245,python,languages
2506,245,go,languages
2507,245,r,languages
2508,245,sql,languages
2509,245,express,frameworks
2510,245,git,tools
2511,245,excel,tools
2512,245,ssl,security_tools
2513,245,communication,soft_skill
2514,245,leadership,soft_skill
2515,245,analytical,soft_skill
2516,245,collaboration,soft_skill
2517,245,presentation,soft_skill
2518,245,interpersonal,soft_skill
2519,245,organization,soft_skill
2520,245,proactive,soft_skill
2521,246,scala,languages
2522,246,r,languages
2523,246,aws,tools
2524,246,presentation,soft_skill
2525,247,r,languages
2526,248,go,languages
2527,248,scala,languages
2528,248,r,languages
2529,248,git,tools
2530,248,excel,tools
2531,248,ips,security_tools
2532,248,presentation,soft_skill
2533,248,organization,soft_skill
2534,249,r,languages
2535,250,r,languages
2536,251,go,languages
2537,251,scala,languages
2538,251,r,languages
2539,251,aws,tools
2540,251,communication,soft_skill
2541,251,presentation,soft_skill
2542,251,organization,soft_skill
2543,252,go,languages
2544,252,r,languages
2545,252,presentation,soft_skill
2546,252,organization,soft_skill
2547,253,r,languages
2548,253,organization,soft_skill
2549,256,go,languages
2550,256,r,languages
2551,257,r,languages
2552,257,excel,tools
2553,257,ips,security_tools
2554,257,communication,soft_skill
2555,257,analytical,soft_skill
2556,257,presentation,soft_skill
2557,257,organization,soft_skill
2558,258,go,languages
2559,258,r,languages
2560,259,go,languages
2561,259,scala,languages
2562,259,r,languages
2563,260,go,languages
2564,260,scala,languages
2565,260,r,languages
2566,261,go,languages
2567,261,scala,languages
2568,261,r,languages
2569,262,go,languages
2570,262,scala,languages
2571,262,r,languages
2572,263,go,languages
2573,263,scala,languages
2574,263,r,languages
2575,264,go,languages
2576,264,scala,languages
2577,264,r,languages
2578,265,go,languages
2579,265,scala,languages
2580,265,r,languages
2581,266,go,languages
2582,266,scala,languages
2583,266,r,languages
2584,267,go,languages
2585,267,scala,languages
2586,267,r,languages
2587,268,python,languages
2588,268,go,languages
2589,268,scala,languages
2590,268,r,languages
2591,268,sql,languages
2592,268,powershell,languages
2593,268,excel,tools
2594,268,wireshark,security_tools
2595,268,siem,security_tools
2596,268,firewall,security_tools
2597,268,ids,security_tools
2598,268,cissp,certifications
2599,268,ceh,certifications
2600,268,ccna,certifications
2601,268,communication,soft_skill
2602,268,leadership,soft_skill
2603,268,interpersonal,soft_skill
2604,268,proactive,soft_skill
2605,269,python,languages
2606,269,go,languages
2607,269,scala,languages
2608,269,r,languages
2609,269,sql,languages
2610,269,powershell,languages
2611,269,excel,tools
2612,269,wireshark,security_tools
2613,269,siem,security_tools
2614,269,firewall,security_tools
2615,269,ids,security_tools
2616,269,cissp,certifications
2617,269,ceh,certifications
2618,269,ccna,certifications
2619,269,communication,soft_skill
2620,269,leadership,soft_skill
2621,269,interpersonal,soft_skill
2622,269,proactive,soft_skill
2623,270,r,languages
2624,270,cissp,certifications
2625,270,ceh,certifications
2626,270,ccna,certifications
2627,271,python,languages
2628,271,go,languages
2629,271,scala,languages
2630,271,r,languages
2631,271,sql,languages
2632,271,powershell,languages
2633,271,excel,tools
2634,271,wireshark,security_tools
2635,271,siem,security_tools
2636,271,firewall,security_tools
2637,271,ids,security_tools
2638,271,cissp,certifications
2639,271,ceh,certifications
2640,271,ccna,certifications
2641,271,communication,soft_skill
2642,271,leadership,soft_skill
2643,271,interpersonal,soft_skill
2644,271,proactive,soft_skill
2645,272,python,languages
2646,272,go,languages
2647,272,scala,languages
2648,272,r,languages
2649,272,sql,languages
2650,272,powershell,languages
2651,272,excel,tools
2652,272,wireshark,security_tools
2653,272,siem,security_tools
2654,272,firewall,security_tools
2655,272,ids,security_tools
2656,272,cissp,certifications
2657,272,ceh,certifications
2658,272,ccna,certifications
2659,272,communication,soft_skill
2660,272,leadership,soft_skill
2661,272,interpersonal,soft_skill
2662,272,proactive,soft_skill
2663,273,go,languages
2664,273,r,languages
2665,273,aws,tools
2666,273,excel,tools
2667,273,leadership,soft_skill
2668,273,analytical,soft_skill
2669,273,collaboration,soft_skill
2670,273,self-motivated,soft_skill
2671,274,go,languages
2672,274,r,languages
2673,274,aws,tools
2674,274,excel,tools
2675,274,leadership,soft_skill
2676,274,analytical,soft_skill
2677,274,collaboration,soft_skill
2678,274,self-motivated,soft_skill
2679,275,go,languages
2680,275,r,languages
2681,275,aws,tools
2682,275,excel,tools
2683,275,leadership,soft_skill
2684,275,analytical,soft_skill
2685,275,collaboration,soft_skill
2686,275,self-motivated,soft_skill
2687,276,go,languages
2688,276,r,languages
2689,276,aws,tools
2690,276,excel,tools
2691,276,leadership,soft_skill
2692,276,analytical,soft_skill
2693,276,collaboration,soft_skill
2694,276,self-motivated,soft_skill
2695,277,go,languages
2696,277,r,languages
2697,277,aws,tools
2698,277,excel,tools
2699,277,leadership,soft_skill
2700,277,analytical,soft_skill
2701,277,collaboration,soft_skill
2702,277,self-motivated,soft_skill
2703,278,go,languages
2704,278,r,languages
2705,278,aws,tools
2706,278,excel,tools
2707,278,leadership,soft_skill
2708,278,analytical,soft_skill
2709,278,collaboration,soft_skill
2710,278,self-motivated,soft_skill
2711,279,go,languages
2712,279,rust,languages
2713,279,r,languages
2714,279,aws,tools
2715,279,git,tools
2716,279,excel,tools
2717,279,siem,security_tools
2718,279,ceh,certifications
2719,279,ccna,certifications
2720,279,itil,certifications
2721,279,communication,soft_skill
2722,279,leadership,soft_skill
2723,279,analytical,soft_skill
2724,279,attention to detail,soft_skill
2725,279,collaboration,soft_skill
2726,279,interpersonal,soft_skill
2727,279,organization,soft_skill
2728,280,go,languages
2729,280,rust,languages
2730,280,r,languages
2731,280,linux,tools
2732,280,excel,tools
2733,280,siem,security_tools
2734,280,firewall,security_tools
2735,280,ids,security_tools
2736,280,ips,security_tools
2737,280,encryption,security_tools
2738,280,cissp,certifications
2739,280,ceh,certifications
2740,280,comptia,certifications
2741,280,communication,soft_skill
2742,280,leadership,soft_skill
2743,280,analytical,soft_skill
2744,280,organization,soft_skill
2745,281,go,languages
2746,281,rust,languages
2747,281,r,languages
2748,281,linux,tools
2749,281,excel,tools
2750,281,siem,security_tools
2751,281,firewall,security_tools
2752,281,ids,security_tools
2753,281,ips,security_tools
2754,281,encryption,security_tools
2755,281,cissp,certifications
2756,281,ceh,certifications
2757,281,comptia,certifications
2758,281,communication,soft_skill
2759,281,leadership,soft_skill
2760,281,analytical,soft_skill
2761,281,organization,soft_skill
2762,282,python,languages
2763,282,go,languages
2764,282,r,languages
2765,282,bash,languages
2766,282,express,frameworks
2767,282,burp suite,security_tools
2768,282,splunk,security_tools
2769,282,siem,security_tools
2770,282,ips,security_tools
2771,282,ceh,certifications
2772,282,comptia,certifications
2773,282,communication,soft_skill
2774,282,collaboration,soft_skill
2775,282,organization,soft_skill
2776,282,proactive,soft_skill
2777,283,python,languages
2778,283,go,languages
2779,283,r,languages
2780,283,bash,languages
2781,283,burp suite,security_tools
2782,283,splunk,security_tools
2783,283,siem,security_tools
2784,283,ceh,certifications
2785,283,comptia,certifications
2786,283,communication,soft_skill
2787,283,collaboration,soft_skill
2788,283,organization,soft_skill
2789,283,proactive,soft_skill
2790,284,python,languages
2791,284,go,languages
2792,284,r,languages
2793,284,bash,languages
2794,284,express,frameworks
2795,284,burp suite,security_tools
2796,284,splunk,security_tools
2797,284,siem,security_tools
2798,284,ips,security_tools
2799,284,ceh,certifications
2800,284,comptia,certifications
2801,284,communication,soft_skill
2802,284,collaboration,soft_skill
2803,284,organization,soft_skill
2804,284,proactive,soft_skill
2805,285,python,languages
2806,285,go,languages
2807,285,r,languages
2808,285,bash,languages
2809,285,express,frameworks
2810,285,burp suite,security_tools
2811,285,splunk,security_tools
2812,285,siem,security_tools
2813,285,ips,security_tools
2814,285,ceh,certifications
2815,285,comptia,certifications
2816,285,communication,soft_skill
2817,285,collaboration,soft_skill
2818,285,organization,soft_skill
2819,285,proactive,soft_skill
2820,286,python,languages
2821,286,go,languages
2822,286,r,languages
2823,286,bash,languages
2824,286,express,frameworks
2825,286,burp suite,security_tools
2826,286,splunk,security_tools
2827,286,siem,security_tools
2828,286,ips,security_tools
2829,286,ceh,certifications
2830,286,comptia,certifications
2831,286,communication,soft_skill
2832,286,collaboration,soft_skill
2833,286,organization,soft_skill
2834,286,proactive,soft_skill
2835,287,go,languages
2836,287,rust,languages
2837,287,swift,languages
2838,287,r,languages
2839,287,aws,tools
2840,287,azure,tools
2841,287,git,tools
2842,287,excel,tools
2843,287,siem,security_tools
2844,287,firewall,security_tools
2845,287,encryption,security_tools
2846,287,cissp,certifications
2847,287,ceh,certifications
2848,287,communication,soft_skill
2849,287,teamwork,soft_skill
2850,287,leadership,soft_skill
2851,287,collaboration,soft_skill
2852,287,organization,soft_skill
2853,288,go,languages
2854,288,rust,languages
2855,288,r,languages
2856,288,aws,tools
2857,288,azure,tools
2858,288,siem,security_tools
2859,288,firewall,security_tools
2860,288,encryption,security_tools
2861,288,cissp,certifications
2862,288,ceh,certifications
2863,288,communication,soft_skill
2864,288,leadership,soft_skill
2865,288,problem solving,soft_skill
2866,288,organization,soft_skill
2867,288,proactive,soft_skill
2868,289,go,languages
2869,289,rust,languages
2870,289,r,languages
2871,289,aws,tools
2872,289,azure,tools
2873,289,git,tools
2874,289,siem,security_tools
2875,289,firewall,security_tools
2876,289,encryption,security_tools
2877,289,communication,soft_skill
2878,289,leadership,soft_skill
2879,289,organization,soft_skill
2880,289,proactive,soft_skill
2881,290,go,languages
2882,290,rust,languages
2883,290,r,languages
2884,290,linux,tools
2885,290,excel,tools
2886,290,siem,security_tools
2887,290,firewall,security_tools
2888,290,ids,security_tools
2889,290,ips,security_tools
2890,290,encryption,security_tools
2891,290,cissp,certifications
2892,290,ceh,certifications
2893,290,comptia,certifications
2894,290,communication,soft_skill
2895,290,leadership,soft_skill
2896,290,analytical,soft_skill
2897,290,organization,soft_skill
2898,291,go,languages
2899,291,rust,languages
2900,291,r,languages
2901,291,linux,tools
2902,291,excel,tools
2903,291,siem,security_tools
2904,291,firewall,security_tools
2905,291,ids,security_tools
2906,291,ips,security_tools
2907,291,encryption,security_tools
2908,291,cissp,certifications
2909,291,ceh,certifications
2910,291,comptia,certifications
2911,291,communication,soft_skill
2912,291,leadership,soft_skill
2913,291,analytical,soft_skill
2914,291,organization,soft_skill
2915,292,go,languages
2916,292,rust,languages
2917,292,r,languages
2918,292,linux,tools
2919,292,excel,tools
2920,292,siem,security_tools
2921,292,firewall,security_tools
2922,292,ids,security_tools
2923,292,ips,security_tools
2924,292,encryption,security_tools
2925,292,cissp,certifications
2926,292,ceh,certifications
2927,292,comptia,certifications
2928,292,communication,soft_skill
2929,292,leadership,soft_skill
2930,292,analytical,soft_skill
2931,292,organization,soft_skill
2932,293,go,languages
2933,293,r,languages
2934,293,git,tools
2935,293,firewall,security_tools
2936,293,ips,security_tools
2937,293,ceh,certifications
2938,293,communication,soft_skill
2939,293,teamwork,soft_skill
2940,293,analytical,soft_skill
2941,293,attention to detail,soft_skill
2942,293,organization,soft_skill
2943,293,proactive,soft_skill
2944,294,go,languages
2945,294,r,languages
2946,294,git,tools
2947,294,excel,tools
2948,294,ips,security_tools
2949,294,communication,soft_skill
2950,294,leadership,soft_skill
2951,294,collaboration,soft_skill
2952,294,presentation,soft_skill
2953,294,proactive,soft_skill
2954,295,go,languages
2955,295,r,languages
2956,295,ips,security_tools
2957,295,cissp,certifications
2958,295,ceh,certifications
2959,295,comptia,certifications
2960,295,ccna,certifications
2961,295,communication,soft_skill
2962,295,analytical,soft_skill
2963,295,collaboration,soft_skill
2964,295,presentation,soft_skill
2965,295,organization,soft_skill
2966,296,go,languages
2967,296,r,languages
2968,297,go,languages
2969,297,r,languages
2970,297,cissp,certifications
2971,297,ccna,certifications
2972,297,ccnp,certifications
2973,297,communication,soft_skill
2974,298,go,languages
2975,298,r,languages
2976,299,go,languages
2977,299,r,languages
2978,299,aws,tools
2979,300,go,languages
2980,300,r,languages
2981,300,aws,tools
2982,301,go,languages
2983,301,rust,languages
2984,301,r,languages
2985,301,ips,security_tools
2986,301,communication,soft_skill
2987,301,analytical,soft_skill
2988,301,attention to detail,soft_skill
2989,302,go,languages
2990,302,r,languages
2991,303,go,languages
2992,303,r,languages
2993,303,excel,tools
2994,303,communication,soft_skill
2995,303,interpersonal,soft_skill
2996,303,organization,soft_skill
2997,304,go,languages
2998,304,rust,languages
2999,304,scala,languages
3000,304,r,languages
3001,304,azure,tools
3002,304,git,tools
3003,304,excel,tools
3004,304,firewall,security_tools
3005,304,ips,security_tools
3006,304,vpn,security_tools
3007,304,encryption,security_tools
3008,304,cissp,certifications
3009,304,ceh,certifications
3010,304,communication,soft_skill
3011,304,leadership,soft_skill
3012,304,analytical,soft_skill
3013,304,collaboration,soft_skill
3014,304,interpersonal,soft_skill
3015,304,organization,soft_skill
3016,305,go,languages
3017,305,r,languages
3018,305,.net,frameworks
3019,305,ips,security_tools
3020,305,communication,soft_skill
3021,305,interpersonal,soft_skill
3022,306,go,languages
3023,306,scala,languages
3024,306,r,languages
3025,306,.net,frameworks
3026,306,linux,tools
3027,306,firewall,security_tools
3028,306,vpn,security_tools
3029,306,ccna,certifications
3030,306,itil,certifications
3031,306,collaboration,soft_skill
3032,306,organization,soft_skill
3033,307,r,languages
3034,307,communication,soft_skill
3035,308,r,languages
3036,308,communication,soft_skill
3037,309,go,languages
3038,309,r,languages
3039,309,azure,tools
3040,309,git,tools
3041,309,linux,tools
3042,309,firewall,security_tools
3043,309,ips,security_tools
3044,309,vpn,security_tools
3045,309,communication,soft_skill
3046,310,go,languages
3047,310,r,languages
3048,310,azure,tools
3049,310,git,tools
3050,310,linux,tools
3051,310,firewall,security_tools
3052,310,ips,security_tools
3053,310,vpn,security_tools
3054,310,communication,soft_skill
3055,311,go,languages
3056,311,r,languages
3057,311,git,tools
3058,311,excel,tools
3059,311,communication,soft_skill
3060,311,leadership,soft_skill
3061,311,organization,soft_skill
3062,312,go,languages
3063,312,r,languages
3064,312,communication,soft_skill
3065,312,organization,soft_skill
3066,313,go,languages
3067,313,r,languages
3068,313,express,frameworks
3069,313,excel,tools
3070,313,communication,soft_skill
3071,313,leadership,soft_skill
3072,313,analytical,soft_skill
3073,313,time management,soft_skill
3074,313,collaboration,soft_skill
3075,313,interpersonal,soft_skill
3076,313,organization,soft_skill
3077,314,python,languages
3078,314,go,languages
3079,314,rust,languages
3080,314,r,languages
3081,314,bash,languages
3082,314,aws,tools
3083,314,git,tools
3084,314,excel,tools
3085,314,ids,security_tools
3086,314,encryption,security_tools
3087,314,communication,soft_skill
3088,314,leadership,soft_skill
3089,314,analytical,soft_skill
3090,314,collaboration,soft_skill
3091,314,presentation,soft_skill
3092,314,organization,soft_skill
3093,314,proactive,soft_skill
3094,315,go,languages
3095,315,scala,languages
3096,315,r,languages
3097,315,aws,tools
3098,315,excel,tools
3099,315,collaboration,soft_skill
3100,316,go,languages
3101,316,rust,languages
3102,316,r,languages
3103,316,excel,tools
3104,316,communication,soft_skill
3105,316,leadership,soft_skill
3106,316,analytical,soft_skill
3107,316,collaboration,soft_skill
3108,316,interpersonal,soft_skill
3109,316,organization,soft_skill
3110,316,proactive,soft_skill
3111,317,scala,languages
3112,317,r,languages
3113,317,firewall,security_tools
3114,317,ips,security_tools
3115,317,vpn,security_tools
3116,317,analytical,soft_skill
3117,317,self-motivated,soft_skill
3118,317,proactive,soft_skill
3119,318,scala,languages
3120,318,r,languages
3121,318,excel,tools
3122,318,firewall,security_tools
3123,318,ccnp,certifications
3124,318,communication,soft_skill
3125,318,teamwork,soft_skill
3126,318,analytical,soft_skill
3127,318,collaboration,soft_skill
3128,318,interpersonal,soft_skill
3129,318,organization,soft_skill
3130,318,proactive,soft_skill
3131,319,go,languages
3132,319,rust,languages
3133,319,r,languages
3134,319,aws,tools
3135,319,azure,tools
3136,319,gcp,tools
3137,319,linux,tools
3138,319,excel,tools
3139,319,firewall,security_tools
3140,319,ips,security_tools
3141,319,encryption,security_tools
3142,319,scrum,certifications
3143,319,communication,soft_skill
3144,319,problem solving,soft_skill
3145,319,analytical,soft_skill
3146,319,presentation,soft_skill
3147,319,interpersonal,soft_skill
3148,319,self-motivated,soft_skill
3149,320,scala,languages
3150,320,r,languages
3151,320,excel,tools
3152,320,firewall,security_tools
3153,320,ccnp,certifications
3154,320,communication,soft_skill
3155,320,teamwork,soft_skill
3156,320,analytical,soft_skill
3157,320,collaboration,soft_skill
3158,320,interpersonal,soft_skill
3159,320,organization,soft_skill
3160,320,proactive,soft_skill
3161,321,go,languages
3162,321,r,languages
3163,321,docker,tools
3164,321,kubernetes,tools
3165,321,aws,tools
3166,321,azure,tools
3167,321,gcp,tools
3168,321,excel,tools
3169,321,firewall,security_tools
3170,321,vpn,security_tools
3171,321,encryption,security_tools
3172,321,aws certified,certifications
3173,321,gcp certified,certifications
3174,321,cissp,certifications
3175,321,ceh,certifications
3176,321,comptia,certifications
3177,321,scrum,certifications
3178,321,communication,soft_skill
3179,321,leadership,soft_skill
3180,321,analytical,soft_skill
3181,321,collaboration,soft_skill
3182,321,presentation,soft_skill
3183,321,organization,soft_skill
3184,322,go,languages
3185,322,rust,languages
3186,322,r,languages
3187,322,aws,tools
3188,322,azure,tools
3189,322,gcp,tools
3190,322,linux,tools
3191,322,excel,tools
3192,322,firewall,security_tools
3193,322,ips,security_tools
3194,322,encryption,security_tools
3195,322,scrum,certifications
3196,322,communication,soft_skill
3197,322,problem solving,soft_skill
3198,322,analytical,soft_skill
3199,322,presentation,soft_skill
3200,322,interpersonal,soft_skill
3201,322,organization,soft_skill
3202,322,self-motivated,soft_skill
3203,323,rust,languages
3204,323,r,languages
3205,323,git,tools
3206,323,analytical,soft_skill
3207,323,collaboration,soft_skill
3208,324,python,languages
3209,324,go,languages
3210,324,rust,languages
3211,324,r,languages
3212,324,aws,tools
3213,324,azure,tools
3214,324,git,tools
3215,324,terraform,tools
3216,324,linux,tools
3217,324,excel,tools
3218,324,metasploit,security_tools
3219,324,burp suite,security_tools
3220,324,siem,security_tools
3221,324,firewall,security_tools
3222,324,ids,security_tools
3223,324,ips,security_tools
3224,324,cissp,certifications
3225,324,ceh,certifications
3226,324,ccna,certifications
3227,324,ccnp,certifications
3228,324,communication,soft_skill
3229,324,collaboration,soft_skill
3230,324,organization,soft_skill
3231,324,proactive,soft_skill
3232,325,r,languages
3233,326,go,languages
3234,326,r,languages
3235,326,excel,tools
3236,326,siem,security_tools
3237,326,firewall,security_tools
3238,326,ids,security_tools
3239,326,ips,security_tools
3240,326,vpn,security_tools
3241,326,encryption,security_tools
3242,326,ssl,security_tools
3243,326,ceh,certifications
3244,326,ccnp,certifications
3245,326,communication,soft_skill
3246,326,interpersonal,soft_skill
3247,327,go,languages
3248,327,r,languages
3249,327,aws,tools
3250,327,excel,tools
3251,327,communication,soft_skill
3252,327,leadership,soft_skill
3253,327,analytical,soft_skill
3254,327,collaboration,soft_skill
3255,327,interpersonal,soft_skill
3256,327,organization,soft_skill
3257,328,r,languages
3258,328,git,tools
3259,329,r,languages
3260,329,aws,tools
3261,329,git,tools
3262,329,linux,tools
3263,329,excel,tools
3264,329,siem,security_tools
3265,329,firewall,security_tools
3266,329,ids,security_tools
3267,329,ips,security_tools
3268,329,cissp,certifications
3269,329,ceh,certifications
3270,329,communication,soft_skill
3271,329,collaboration,soft_skill
3272,329,proactive,soft_skill
3273,330,go,languages
3274,330,r,languages
3275,330,aws,tools
3276,330,git,tools
3277,330,linux,tools
3278,330,excel,tools
3279,330,siem,security_tools
3280,330,firewall,security_tools
3281,330,ids,security_tools
3282,330,ips,security_tools
3283,330,cissp,certifications
3284,330,ceh,certifications
3285,330,communication,soft_skill
3286,330,collaboration,soft_skill
3287,330,proactive,soft_skill
3288,331,r,languages
3289,331,aws,tools
3290,331,git,tools
3291,331,linux,tools
3292,331,excel,tools
3293,331,siem,security_tools
3294,331,firewall,security_tools
3295,331,ids,security_tools
3296,331,ips,security_tools
3297,331,cissp,certifications
3298,331,ceh,certifications
3299,331,communication,soft_skill
3300,331,collaboration,soft_skill
3301,331,proactive,soft_skill
3302,332,go,languages
3303,332,r,languages
3304,332,aws,tools
3305,332,git,tools
3306,332,linux,tools
3307,332,excel,tools
3308,332,siem,security_tools
3309,332,firewall,security_tools
3310,332,ids,security_tools
3311,332,ips,security_tools
3312,332,cissp,certifications
3313,332,ceh,certifications
3314,332,communication,soft_skill
3315,332,teamwork,soft_skill
3316,332,collaboration,soft_skill
3317,332,proactive,soft_skill
3318,333,go,languages
3319,333,r,languages
3320,333,aws,tools
3321,333,git,tools
3322,333,linux,tools
3323,333,excel,tools
3324,333,siem,security_tools
3325,333,firewall,security_tools
3326,333,ids,security_tools
3327,333,ips,security_tools
3328,333,cissp,certifications
3329,333,ceh,certifications
3330,333,communication,soft_skill
3331,333,collaboration,soft_skill
3332,333,proactive,soft_skill
3333,334,r,languages
3334,334,aws,tools
3335,334,git,tools
3336,334,linux,tools
3337,334,excel,tools
3338,334,siem,security_tools
3339,334,firewall,security_tools
3340,334,ids,security_tools
3341,334,ips,security_tools
3342,334,cissp,certifications
3343,334,ceh,certifications
3344,334,communication,soft_skill
3345,334,collaboration,soft_skill
3346,334,proactive,soft_skill
3347,335,go,languages
3348,335,r,languages
3349,335,git,tools
3350,335,collaboration,soft_skill
3351,336,typescript,languages
3352,336,go,languages
3353,336,scala,languages
3354,336,r,languages
3355,336,sql,languages
3356,336,react,frameworks
3357,336,aws,tools
3358,336,gcp,tools
3359,336,git,tools
3360,336,excel,tools
3361,336,leadership,soft_skill
3362,336,analytical,soft_skill
3363,336,creativity,soft_skill
3364,337,python,languages
3365,337,go,languages
3366,337,scala,languages
3367,337,r,languages
3368,337,sql,languages
3369,337,powershell,languages
3370,337,docker,tools
3371,337,aws,tools
3372,337,terraform,tools
3373,337,excel,tools
3374,337,firewall,security_tools
3375,337,analytical,soft_skill
3376,338,python,languages
3377,338,go,languages
3378,338,scala,languages
3379,338,r,languages
3380,338,sql,languages
3381,338,powershell,languages
3382,338,docker,tools
3383,338,aws,tools
3384,338,terraform,tools
3385,338,excel,tools
3386,338,firewall,security_tools
3387,338,analytical,soft_skill
3388,339,python,languages
3389,339,java,languages
3390,339,typescript,languages
3391,339,go,languages
3392,339,rust,languages
3393,339,swift,languages
3394,339,scala,languages
3395,339,r,languages
3396,339,sql,languages
3397,339,spring,frameworks
3398,339,node.js,frameworks
3399,339,docker,tools
3400,339,kubernetes,tools
3401,339,aws,tools
3402,339,azure,tools
3403,339,git,tools
3404,339,jenkins,tools
3405,339,mongodb,tools
3406,339,postgresql,tools
3407,339,mysql,tools
3408,339,redis,tools
3409,339,kafka,tools
3410,339,excel,tools
3411,339,oauth,security_tools
3412,339,communication,soft_skill
3413,339,leadership,soft_skill
3414,340,r,languages
3415,340,siem,security_tools
3416,340,ids,security_tools
3417,340,ips,security_tools
3418,340,cissp,certifications
3419,340,communication,soft_skill
3420,341,go,languages
3421,341,rust,languages
3422,341,r,languages
3423,341,git,tools
3424,341,terraform,tools
3425,341,excel,tools
3426,341,siem,security_tools
3427,341,analytical,soft_skill
3428,341,proactive,soft_skill
3429,342,go,languages
3430,342,rust,languages
3431,342,r,languages
3432,342,git,tools
3433,342,terraform,tools
3434,342,excel,tools
3435,342,siem,security_tools
3436,342,analytical,soft_skill
3437,342,proactive,soft_skill
3438,343,python,languages
3439,343,java,languages
3440,343,go,languages
3441,343,r,languages
3442,343,excel,tools
3443,343,communication,soft_skill
3444,343,leadership,soft_skill
3445,343,interpersonal,soft_skill
3446,344,scala,languages
3447,344,r,languages
3448,344,sql,languages
3449,344,react,frameworks
3450,344,node.js,frameworks
3451,344,docker,tools
3452,344,aws,tools
3453,344,git,tools
3454,344,postgresql,tools
3455,344,mysql,tools
3456,344,redis,tools
3457,344,kafka,tools
3458,344,excel,tools
3459,344,oauth,security_tools
3460,344,communication,soft_skill
3461,344,collaboration,soft_skill
3462,345,scala,languages
3463,345,r,languages
3464,345,sql,languages
3465,345,react,frameworks
3466,345,node.js,frameworks
3467,345,docker,tools
3468,345,aws,tools
3469,345,git,tools
3470,345,postgresql,tools
3471,345,mysql,tools
3472,345,redis,tools
3473,345,kafka,tools
3474,345,excel,tools
3475,345,oauth,security_tools
3476,345,communication,soft_skill
3477,345,collaboration,soft_skill
3478,346,java,languages
3479,346,go,languages
3480,346,ruby,languages
3481,346,php,languages
3482,346,scala,languages
3483,346,r,languages
3484,346,sql,languages
3485,346,react,frameworks
3486,346,angular,frameworks
3487,346,spring,frameworks
3488,346,.net,frameworks
3489,346,git,tools
3490,346,mysql,tools
3491,346,ips,security_tools
3492,346,attention to detail,soft_skill
3493,346,collaboration,soft_skill
3494,346,organization,soft_skill
3495,349,python,languages
3496,349,java,languages
3497,349,r,languages
3498,349,sql,languages
3499,349,git,tools
3500,349,excel,tools
3501,349,collaboration,soft_skill
3502,349,organization,soft_skill
3503,349,proactive,soft_skill
3504,350,go,languages
3505,350,scala,languages
3506,350,r,languages
3507,350,node.js,frameworks
3508,351,java,languages
3509,351,swift,languages
3510,351,kotlin,languages
3511,351,r,languages
3512,351,sql,languages
3513,351,azure,tools
3514,351,git,tools
3515,351,mysql,tools
3516,351,attention to detail,soft_skill
3517,352,python,languages
3518,352,java,languages
3519,352,javascript,languages
3520,352,go,languages
3521,352,scala,languages
3522,352,r,languages
3523,352,sql,languages
3524,352,aws,tools
3525,352,azure,tools
3526,352,excel,tools
3527,352,communication,soft_skill
3528,352,adaptability,soft_skill
3529,352,creativity,soft_skill
3530,352,collaboration,soft_skill
3531,352,organization,soft_skill
3532,353,java,languages
3533,353,swift,languages
3534,353,kotlin,languages
3535,353,r,languages
3536,353,sql,languages
3537,353,azure,tools
3538,353,git,tools
3539,353,mysql,tools
3540,353,attention to detail,soft_skill
3541,354,java,languages
3542,354,go,languages
3543,354,swift,languages
3544,354,kotlin,languages
3545,354,scala,languages
3546,354,r,languages
3547,354,sql,languages
3548,354,azure,tools
3549,354,git,tools
3550,354,mysql,tools
3551,354,communication,soft_skill
3552,354,creativity,soft_skill
3553,354,collaboration,soft_skill
3554,354,organization,soft_skill
3555,355,python,languages
3556,355,java,languages
3557,355,javascript,languages
3558,355,go,languages
3559,355,scala,languages
3560,355,r,languages
3561,355,sql,languages
3562,355,aws,tools
3563,355,azure,tools
3564,355,excel,tools
3565,355,communication,soft_skill
3566,355,adaptability,soft_skill
3567,355,creativity,soft_skill
3568,355,collaboration,soft_skill
3569,355,organization,soft_skill
3570,356,java,languages
3571,356,go,languages
3572,356,ruby,languages
3573,356,php,languages
3574,356,r,languages
3575,356,sql,languages
3576,356,react,frameworks
3577,356,angular,frameworks
3578,356,spring,frameworks
3579,356,.net,frameworks
3580,356,git,tools
3581,356,mysql,tools
3582,357,java,languages
3583,357,go,languages
3584,357,ruby,languages
3585,357,php,languages
3586,357,r,languages
3587,357,sql,languages
3588,357,react,frameworks
3589,357,angular,frameworks
3590,357,spring,frameworks
3591,357,.net,frameworks
3592,357,git,tools
3593,357,mysql,tools
3594,358,java,languages
3595,358,go,languages
3596,358,ruby,languages
3597,358,php,languages
3598,358,r,languages
3599,358,sql,languages
3600,358,react,frameworks
3601,358,angular,frameworks
3602,358,spring,frameworks
3603,358,.net,frameworks
3604,358,git,tools
3605,358,mysql,tools
3606,358,organization,soft_skill
3607,359,java,languages
3608,359,javascript,languages
3609,359,typescript,languages
3610,359,go,languages
3611,359,php,languages
3612,359,r,languages
3613,359,sql,languages
3614,359,laravel,frameworks
3615,359,aws,tools
3616,359,azure,tools
3617,359,git,tools
3618,359,postgresql,tools
3619,359,mysql,tools
3620,359,excel,tools
3621,359,communication,soft_skill
3622,359,presentation,soft_skill
3623,359,organization,soft_skill
3624,359,proactive,soft_skill
3625,360,python,languages
3626,360,java,languages
3627,360,javascript,languages
3628,360,go,languages
3629,360,scala,languages
3630,360,r,languages
3631,360,sql,languages
3632,360,react,frameworks
3633,360,vue,frameworks
3634,360,docker,tools
3635,360,kubernetes,tools
3636,360,aws,tools
3637,360,azure,tools
3638,360,gcp,tools
3639,360,git,tools
3640,360,postgresql,tools
3641,360,excel,tools
3642,360,aws certified,certifications
3643,360,communication,soft_skill
3644,360,analytical,soft_skill
3645,360,interpersonal,soft_skill
3646,360,organization,soft_skill
3647,360,proactive,soft_skill
3648,361,java,languages
3649,361,javascript,languages
3650,361,go,languages
3651,361,rust,languages
3652,361,r,languages
3653,361,sql,languages
3654,361,.net,frameworks
3655,361,communication,soft_skill
3656,361,teamwork,soft_skill
3657,361,leadership,soft_skill
3658,361,collaboration,soft_skill
3659,361,organization,soft_skill
3660,361,proactive,soft_skill
3661,362,java,languages
3662,362,javascript,languages
3663,362,typescript,languages
3664,362,go,languages
3665,362,php,languages
3666,362,r,languages
3667,362,sql,languages
3668,362,laravel,frameworks
3669,362,aws,tools
3670,362,azure,tools
3671,362,git,tools
3672,362,postgresql,tools
3673,362,mysql,tools
3674,362,excel,tools
3675,362,communication,soft_skill
3676,362,presentation,soft_skill
3677,362,organization,soft_skill
3678,362,proactive,soft_skill
3679,363,r,languages
3680,363,excel,tools
3681,364,java,languages
3682,364,javascript,languages
3683,364,go,languages
3684,364,rust,languages
3685,364,r,languages
3686,364,sql,languages
3687,364,.net,frameworks
3688,364,communication,soft_skill
3689,364,teamwork,soft_skill
3690,364,leadership,soft_skill
3691,364,collaboration,soft_skill
3692,364,organization,soft_skill
3693,365,java,languages
3694,365,javascript,languages
3695,365,typescript,languages
3696,365,go,languages
3697,365,php,languages
3698,365,r,languages
3699,365,sql,languages
3700,365,laravel,frameworks
3701,365,aws,tools
3702,365,azure,tools
3703,365,git,tools
3704,365,postgresql,tools
3705,365,mysql,tools
3706,365,excel,tools
3707,365,communication,soft_skill
3708,365,presentation,soft_skill
3709,365,organization,soft_skill
3710,365,proactive,soft_skill
3711,366,java,languages
3712,366,javascript,languages
3713,366,go,languages
3714,366,rust,languages
3715,366,r,languages
3716,366,sql,languages
3717,366,.net,frameworks
3718,366,communication,soft_skill
3719,366,teamwork,soft_skill
3720,366,leadership,soft_skill
3721,366,collaboration,soft_skill
3722,366,organization,soft_skill
3723,367,r,languages
3724,368,java,languages
3725,368,javascript,languages
3726,368,go,languages
3727,368,r,languages
3728,368,express,frameworks
3729,368,git,tools
3730,368,excel,tools
3731,368,communication,soft_skill
3732,368,leadership,soft_skill
3733,368,collaboration,soft_skill
